{"name":"Actual Technology","description":" ","quests":[{"uuid":"09238052-57a7-4ce7-b401-6f71b3f48385","name":"Unnamed","x":110,"y":181,"bigicon":true,"icon":{"id":"extrautils2:decorativesolid","damage":8},"prerequisites":["f181abb6-1fa2-4f36-87fe-a3fcefb53ae2"],"tasks":[{"type":"DETECT","items":[{"item":{"id":"extrautils2:decorativesolid","damage":8}}]}],"commandrewards":[]},{"uuid":"34f7717b-ddf1-465d-a4b8-12fc88759d14","name":"Unnamed","x":127,"y":113,"icon":{"id":"extrautils2:machine","nbt":"{Type:\"extrautils2:generator_lava\"}"},"prerequisites":["af1ec83e-782d-4a17-9eec-623e47fa3f27"],"tasks":[{"type":"DETECT","items":[{"item":{"id":"extrautils2:machine","nbt":"{Type:\"extrautils2:generator_lava\"}"}},{"item":{"id":"extrautils2:machine","nbt":"{Type:\"extrautils2:generator_redstone\"}"}},{"item":{"id":"extrautils2:machine","nbt":"{Type:\"extrautils2:generator_tnt\"}"}},{"item":{"id":"extrautils2:machine","nbt":"{Type:\"extrautils2:generator_death\"}"}},{"item":{"id":"extrautils2:machine","nbt":"{Type:\"extrautils2:generator_dragonsbreath\"}"}}]}],"commandrewards":[]},{"uuid":"f181abb6-1fa2-4f36-87fe-a3fcefb53ae2","name":"Unnamed","x":127,"y":159,"icon":{"id":"extrautils2:rainbowgenerator"},"prerequisites":["18fb1ebc-6a37-47d0-b3c4-63ac9e78702b","34f7717b-ddf1-465d-a4b8-12fc88759d14","6552026f-aed9-4e22-ae5d-b2da659888f7"],"tasks":[{"type":"DETECT","items":[{"item":{"id":"extrautils2:rainbowgenerator"}}]}],"commandrewards":[]},{"uuid":"18fb1ebc-6a37-47d0-b3c4-63ac9e78702b","name":"Unnamed","x":141,"y":136,"icon":{"id":"extrautils2:machine","nbt":"{Type:\"extrautils2:generator_ender\"}"},"prerequisites":["c4f94711-4fb9-478d-9c31-a4ced6fd730c"],"tasks":[{"type":"DETECT","items":[{"item":{"id":"extrautils2:machine","nbt":"{Type:\"extrautils2:generator_ender\"}"}},{"item":{"id":"extrautils2:machine","nbt":"{Type:\"extrautils2:generator_pink\"}"}},{"item":{"id":"extrautils2:machine","nbt":"{Type:\"extrautils2:generator_potion\"}"}},{"item":{"id":"extrautils2:machine","nbt":"{Type:\"extrautils2:generator_overclock\"}"}}]}],"commandrewards":[]},{"uuid":"6552026f-aed9-4e22-ae5d-b2da659888f7","name":"Unnamed","x":99,"y":159,"icon":{"id":"extrautils2:machine","nbt":"{Type:\"extrautils2:generator_culinary\"}"},"prerequisites":["e6a7c00f-fb40-45b6-92dd-17c87f482515"],"tasks":[{"type":"DETECT","items":[{"item":{"id":"extrautils2:machine","nbt":"{Type:\"extrautils2:generator_culinary\"}"}},{"item":{"id":"extrautils2:machine","nbt":"{Type:\"extrautils2:generator_ice\"}"}},{"item":{"id":"extrautils2:machine","nbt":"{Type:\"extrautils2:generator_slime\"}"}},{"item":{"id":"extrautils2:machine","nbt":"{Type:\"extrautils2:generator_enchant\"}"}},{"item":{"id":"extrautils2:machine","nbt":"{Type:\"extrautils2:generator_netherstar\"}"}}]}],"commandrewards":[]}],"reputationBar":[]}