{"name":"Exploration III","description":" ","quests":[{"uuid":"16a811b3-1c05-44e0-9cfe-256f633c45d2","name":"Purple Aura","description":"Combine some Skyroot Remedy, Aechor Petal, Enchanted Gravitite, Aerogel \u0026 some Purple Dye to create this gooey material...","x":119,"y":140,"icon":{"id":"contenttweaker:aechomedirus"},"prerequisites":["737b4680-3ddc-40fd-9709-8bfc530bd67c","238de257-78fc-49c0-8270-bb3c3bc8a823","c8b6ac8e-1e34-4f81-86d6-e4e583815d8c","085942bb-aea9-4a14-9ca8-0800675feb8e"],"tasks":[{"type":"DETECT","items":[{"item":{"id":"contenttweaker:aechomedirus"},"required":3}]}],"reward":[{"id":"contenttweaker:aechomedirus","amount":3}],"commandrewards":[]},{"uuid":"61237624-9a1a-4680-b88c-6fb1eb91c330","name":"Ice ee you!","description":"Find some Workshop Lamps spawning in small groups on some Coalstone Pillars!","x":267,"y":31,"icon":{"id":"divinerpg:workshop_lamp"},"prerequisites":["bb3ab815-b7ba-4d79-a6c8-acc6e5cc0348"],"tasks":[{"type":"DETECT","items":[{"item":{"id":"divinerpg:workshop_lamp"},"required":16}]}],"reward":[{"id":"divinerpg:snowflake","amount":4}],"commandrewards":[]},{"uuid":"238de257-78fc-49c0-8270-bb3c3bc8a823","name":"You are the Remedyyy","description":"Enchant your Skyroot Poison Bucket into a Skyroot Remedy Bucket! You can drink this to clear any Poison effect from yourself, or use it for crafting.","x":106,"y":117,"icon":{"id":"aether_legacy:skyroot_bucket","damage":3},"prerequisites":["630ba4db-4fa9-47f9-9b06-46a93d269d7f","5c1db782-8744-44c9-ac1c-a0284a0bc7de"],"tasks":[{"type":"DETECT","items":[{"item":{"id":"aether_legacy:skyroot_bucket","damage":3}}]}],"reward":[{"id":"minecraft:potion","nbt":"{Potion:\"cofhcore:regeneration3+\"}"}],"commandrewards":[]},{"uuid":"c8526333-377e-42bc-89f4-f19df5f4873d","name":"Its periodic symbol is Dr","description":"Though Draconium Dust is available in other dimensions, it\u0027s in much greater quantity in the End. It can be found on the Main Island, Outer End Islands \u0026 End Comets. Mine up some of it!","x":238,"y":89,"icon":{"id":"draconicevolution:draconium_dust"},"prerequisites":["714e6fb9-b53d-45b5-bc0f-e87325790544"],"tasks":[{"type":"DETECT","items":[{"item":{"id":"draconicevolution:draconium_dust"},"required":12}]}],"reward":[{"id":"draconicevolution:draconium_ore","damage":2,"amount":6}],"commandrewards":[]},{"uuid":"be7f2739-6a12-4d05-b274-7214bf1fa32b","name":"Ice lay them!","description":"Slay some of the creatues in Iceika to obtain their precious Ice Shards!","x":237,"y":31,"icon":{"id":"divinerpg:ice_shards"},"prerequisites":["bb3ab815-b7ba-4d79-a6c8-acc6e5cc0348"],"tasks":[{"type":"DETECT","items":[{"item":{"id":"divinerpg:ice_shards"},"required":10}]}],"reward":[{"id":"divinerpg:ice_shards","amount":6}],"commandrewards":[]},{"uuid":"fc5c9220-9187-405a-8baa-b8bdf1be1d0f","name":"Fancy jewelry","description":"Craft Steel or Golden Rings and Pendants and turn them into Ice Rings and Pendants in your Freezer!","x":55,"y":118,"icon":{"id":"aether_legacy:ice_ring"},"prerequisites":["03f27c6a-1164-4b93-9e8e-a126b762b151"],"tasks":[{"type":"DETECT","items":[{"item":{"id":"aether_legacy:ice_ring"}},{"item":{"id":"aether_legacy:ice_pendant"}}]}],"rewardchoice":[{"id":"thermalfoundation:material","damage":160,"amount":10},{"id":"minecraft:gold_ingot","amount":10},{"id":"minecraft:string","amount":10},{"id":"aether_legacy:icestone","amount":16}],"commandrewards":[]},{"uuid":"53b55806-4711-44ac-a83c-0028b615c046","name":"Fly like a... fly!","description":"After you\u0027ve defeated the Ender Dragon, travel to the End Isles, find an End City and loot the Elytra!","x":211,"y":138,"icon":{"id":"minecraft:elytra"},"prerequisites":["714e6fb9-b53d-45b5-bc0f-e87325790544"],"tasks":[{"type":"DETECT","items":[{"item":{"id":"minecraft:elytra"}}]}],"rewardchoice":[{"id":"atum:golden_date_enchanted"},{"id":"contenttweaker:enchanted_golden_berry","amount":4}],"commandrewards":[]},{"uuid":"ff4174db-cf8a-4604-9f0d-b43fcd40e5e9","name":"Egg-tually useful","description":"After you\u0027ve defeated the Ender Drakyboo, collect the its Dragon Egg! What could be inside...!?","x":279,"y":114,"icon":{"id":"minecraft:dragon_egg"},"prerequisites":["3c521162-7b77-4f2f-9372-9e8a4afd5ef2"],"tasks":[{"type":"DETECT","items":[{"item":{"id":"minecraft:dragon_egg"}}]}],"rewardchoice":[{"id":"contenttweaker:aechomedirus","amount":6},{"id":"contenttweaker:rf_powder","amount":10},{"id":"extrautils2:ingredients","damage":5,"amount":8}],"commandrewards":[]},{"uuid":"07e86798-2b46-44a7-a795-40e88c7ff202","name":"Hallelujah! It\u0027s rainin\u0027 ember!","description":"Craft a Gravitite or Valkyrie Axe and break some Golden Oak Tree logs to obtain some Golden Amber!","x":16,"y":142,"icon":{"id":"aether_legacy:golden_amber"},"prerequisites":["032577dd-ddba-4fca-99a3-f0bf228ea24f"],"tasks":[{"type":"DETECT","items":[{"item":{"id":"aether_legacy:golden_amber"},"required":8}]}],"reward":[{"id":"aether_legacy:ginger_bread_man","amount":6}],"commandrewards":[]},{"uuid":"2e2d6db5-9158-4f95-8814-37fd9827420a","name":"GP comin\u0027 at ya","description":"Create some GP Powder from your Festive Powder, then duplicate it via crafting!","x":281,"y":51,"bigicon":true,"icon":{"id":"contenttweaker:gp_powder"},"prerequisites":["1e022b47-b188-4767-9cf8-94833e60f7e5"],"tasks":[{"type":"DETECT","items":[{"item":{"id":"contenttweaker:gp_powder"},"required":4}]}],"reward":[{"id":"contenttweaker:gp_powder","amount":4}],"commandrewards":[]},{"uuid":"2dde0b32-cf4f-44ec-a653-8772496e8e92","name":"Roots in the Sky","description":"Chop some Golden Oak or Skyroot Trees and craft up some Skyroot Buckets!","x":119,"y":50,"icon":{"id":"aether_legacy:skyroot_bucket"},"prerequisites":["b2ad5f0b-1b0f-4967-9e94-076b3e6a0224"],"tasks":[{"type":"DETECT","items":[{"item":{"id":"aether_legacy:skyroot_bucket"},"required":3}]}],"reward":[{"id":"aether_legacy:gummy_swet"}],"commandrewards":[]},{"uuid":"1e022b47-b188-4767-9cf8-94833e60f7e5","name":"No more Christmas!","description":"The Santa Armor set is great and all, but Christmas time is nearing its end... But hey, maybe you can reuse your Santa gear for something else...?\n\nLook up the steps for crafting some Festive Powder in JEI, and create some!","x":251,"y":54,"icon":{"id":"contenttweaker:festive_powder"},"prerequisites":["27b5f7e5-f154-4960-a890-6d2635c3f80b","61237624-9a1a-4680-b88c-6fb1eb91c330","be7f2739-6a12-4d05-b274-7214bf1fa32b"],"tasks":[{"type":"DETECT","items":[{"item":{"id":"contenttweaker:festive_powder"}}]}],"reward":[{"id":"divinerpg:peppermints","amount":24}],"commandrewards":[]},{"uuid":"032577dd-ddba-4fca-99a3-f0bf228ea24f","name":"Treasures of the Aether","description":"Dig up some Zanite Gemstones, Ambrosium Shards and Gravitite Ore from the Aether underground! Watch out for Gravitite Ores... they float.","x":54,"y":73,"icon":{"id":"aether_legacy:zanite_ore"},"prerequisites":["b2ad5f0b-1b0f-4967-9e94-076b3e6a0224"],"tasks":[{"type":"DETECT","items":[{"item":{"id":"aether_legacy:ambrosium_shard"},"required":6},{"item":{"id":"aether_legacy:zanite_gemstone"},"required":6},{"item":{"id":"aether_legacy:gravitite_ore"},"required":6}]}],"rewardchoice":[{"id":"aether_legacy:ambrosium_shard","amount":10},{"id":"aether_legacy:zanite_gemstone","amount":6},{"id":"aether_legacy:gravitite_ore","amount":6}],"commandrewards":[]},{"uuid":"844270f7-e581-4efd-ad5e-fcdbfedc4285","name":"Toothbreaker","description":"Fold some Gold in the Enchanted Berries! Unforunately this will get rid of the great taste and make it inedible though...","x":54,"y":163,"icon":{"id":"contenttweaker:enchanted_golden_berry"},"prerequisites":["edba96be-4a92-46c6-81e5-77a4789a25e0","085942bb-aea9-4a14-9ca8-0800675feb8e","62ab7d9f-3d10-41c3-a812-4dbd00438031","07e86798-2b46-44a7-a795-40e88c7ff202"],"tasks":[{"type":"DETECT","items":[{"item":{"id":"contenttweaker:enchanted_golden_berry"},"required":8}]}],"rewardchoice":[{"id":"thermalfoundation:ore","damage":3,"amount":10},{"id":"minecraft:glowstone","amount":6}],"commandrewards":[]},{"uuid":"fa934dd6-9cb2-480f-a980-e62f3edd601d","name":"Unnamed","x":277,"y":166,"icon":{"id":"extrautils2:teleporter","damage":1},"prerequisites":["31187279-8e1d-4a1b-9c9b-bfc4a458f251"],"commandrewards":[]},{"uuid":"737b4680-3ddc-40fd-9709-8bfc530bd67c","name":"It\u0027s REALLY aching now...","description":"Once you\u0027ve emptied an Aechor Plant, defeat it for its drop, the Aechor Petal!","x":132,"y":117,"icon":{"id":"aether_legacy:aechor_petal"},"prerequisites":["b2ad5f0b-1b0f-4967-9e94-076b3e6a0224"],"tasks":[{"type":"DETECT","items":[{"item":{"id":"aether_legacy:aechor_petal"},"required":2}]}],"reward":[{"id":"aether_legacy:aechor_petal","amount":2}],"commandrewards":[]},{"uuid":"27b5f7e5-f154-4960-a890-6d2635c3f80b","name":"Dig \u0026 Fight!","description":"Find a dungeon underground in Iceika! They spawn quite commonly, uniformly on any height level. Find a dungeon chest and loot some of the Snowflakes and Snowflake Shurikens that are inside. You can either use the Shurikens for damage or craft them into more Snowflakes!","x":193,"y":54,"icon":{"id":"divinerpg:snowflake"},"prerequisites":["bb3ab815-b7ba-4d79-a6c8-acc6e5cc0348"],"tasks":[{"type":"DETECT","items":[{"item":{"id":"divinerpg:snowflake"},"required":8},{"item":{"id":"divinerpg:snowflake_shuriken"},"required":12}]}],"reward":[{"id":"divinerpg:snowflake","amount":6}],"commandrewards":[]},{"uuid":"34e26b89-a3b1-44d6-9bc4-d4bb5584d1ec","name":"Our Ore Hour!","description":"Mine up some Resonant End Stone to obtain Resonant Clathrate! This is used for Applied Energistics Fluid Storage Cells and Fluid-related items.","x":196,"y":114,"icon":{"id":"thermalfoundation:material","damage":895},"prerequisites":["714e6fb9-b53d-45b5-bc0f-e87325790544"],"tasks":[{"type":"DETECT","items":[{"item":{"id":"thermalfoundation:material","damage":895},"required":16}]}],"reward":[{"id":"thermalfoundation:ore_fluid","damage":4,"amount":16}],"commandrewards":[]},{"uuid":"3c521162-7b77-4f2f-9372-9e8a4afd5ef2","name":"Pet it until it explodes!","description":"After entering the End, you might have noticed this cute black drakyboo flapping around in the sky. Now, your job is to keep petting it until its Health Bar decreases to basically none and it releases cool shiny purple rays \u0027n stuff.\n\nThen collect its Dragon Heart and Dragon Scale. Easy peasy!","x":251,"y":114,"icon":{"id":"draconicevolution:dragon_heart"},"prerequisites":["714e6fb9-b53d-45b5-bc0f-e87325790544"],"tasks":[{"type":"DETECT","items":[{"item":{"id":"draconicevolution:dragon_heart"}},{"item":{"id":"quark:enderdragon_scale"}}]}],"reward":[{"id":"actuallyadditions:item_solidified_experience","amount":64},{"id":"minecraft:potion","amount":2,"nbt":"{Potion:\"cofhcore:levitation+\"}"},{"id":"minecraft:ender_pearl","amount":16}],"rewardchoice":[{"id":"minecraft:diamond","amount":24},{"id":"minecraft:glowstone","amount":32}],"commandrewards":[]},{"uuid":"e3dd63a1-d6fb-4a62-b844-d7393af4300d","name":"Fruit of the vocalists","description":"Travel to the End Islands and punch a Chrous Plant to obtain a bunch of Chrous Fruit! Build yourself up higher to obtain some Chorus Flowers!","x":210,"y":90,"icon":{"id":"minecraft:chorus_fruit"},"prerequisites":["714e6fb9-b53d-45b5-bc0f-e87325790544"],"tasks":[{"type":"DETECT","items":[{"item":{"id":"minecraft:chorus_fruit"},"required":64},{"item":{"id":"minecraft:chorus_flower"},"required":2}]}],"reward":[{"id":"minecraft:chorus_flower","amount":4}],"commandrewards":[]},{"uuid":"855bcc66-daa2-4ed8-8c8a-c34a678900ed","name":"Jingle!","description":"Combine Enchanted Golden Berries and Lead Rods into Stems then ultimately a Necklace. Fancy!","x":79,"y":163,"icon":{"id":"contenttweaker:enchanted_golden_berry_necklace"},"prerequisites":["844270f7-e581-4efd-ad5e-fcdbfedc4285"],"tasks":[{"type":"DETECT","items":[{"item":{"id":"contenttweaker:enchanted_golden_berry_necklace"}}]}],"reward":[{"id":"contenttweaker:enchanted_golden_berry","amount":8}],"commandrewards":[]},{"uuid":"9c7bd552-a95e-412c-a764-39565da679aa","name":"The Silver Dungeon","description":"Find a huge cathedral floating in the sky! This is the Silver Dungeon. Enter it and defeat at least 10 Valkyries. They\u0027ll each drop a Victory Medal. Then work your way to the final room, located on the opposite side of the main entrance. You\u0027ll find the Valkyrie Queen inside, who you can only challenge if you Right Click on her with 10 Victory Medals, to show that you are worthy to fight her.\n\nShe can teleport aroud and turn invisible during the fight, and send out area of effect orbs that damage the player. It\u0027s recommended to constantly push her away, or use building blocks to give you a temporary hiding place to heal up.\n\nWhen defeated, she\u0027ll drop a Silver Key. Using this you can unlock the Silver Treasure Chest to earn a Silver Aether Coin and a bunch of Valkyrie Metal.","x":93,"y":50,"icon":{"id":"contenttweaker:silver_aether_coin"},"prerequisites":["b2ad5f0b-1b0f-4967-9e94-076b3e6a0224"],"tasks":[{"type":"DETECT","items":[{"item":{"id":"aether_legacy:victory_medal"},"required":10},{"item":{"id":"contenttweaker:silver_aether_coin"}}]}],"reward":[{"id":"thermalfoundation:material","damage":130,"amount":64},{"id":"minecraft:splash_potion","amount":3,"nbt":"{Potion:\"cofhcore:healing3\"}"}],"rewardchoice":[{"id":"minecraft:potion","nbt":"{Potion:\"minecraft:long_fire_resistance\"}"},{"id":"minecraft:potion","nbt":"{Potion:\"minecraft:strong_strength\"}"}],"commandrewards":[]},{"uuid":"bb3ab815-b7ba-4d79-a6c8-acc6e5cc0348","name":"It\u0027s Christmas time already?!","description":"Craft a Snow Globe to enter Iceika! Build a portal out of Snow Blocks in the shape of a regular Nether Portal (with a 2x3 inner area). Then light the portal with your Snow Globe!","x":178,"y":31,"icon":{"id":"divinerpg:snow_globe"},"prerequisites":["32a17729-13a5-4dfc-bf91-fd94452b6727"],"tasks":[{"type":"DETECT","items":[{"item":{"id":"divinerpg:snow_globe"}},{"item":{"id":"minecraft:snow"},"required":10}]}],"reward":[{"id":"aether_legacy:diamond_gloves"},{"id":"minecraft:enchanted_book","nbt":"{StoredEnchantments:[{lvl:2s,id:9s}]}"}],"commandrewards":[]},{"uuid":"085942bb-aea9-4a14-9ca8-0800675feb8e","name":"Pink Power!","description":"Create some Enchanted Gravitite Blocks using your Enchanter! Placing one of these blocks below the Enchanter will make it work twice as fast and use half as many Ambrosium Shards.","x":80,"y":117,"icon":{"id":"aether_legacy:enchanted_gravitite"},"prerequisites":["5c1db782-8744-44c9-ac1c-a0284a0bc7de"],"tasks":[{"type":"DETECT","items":[{"item":{"id":"aether_legacy:enchanted_gravitite"},"required":2}]}],"rewardchoice":[{"id":"aether_legacy:ambrosium_shard","amount":8},{"id":"aether_legacy:gravitite_ore","amount":4}],"commandrewards":[]},{"uuid":"2f04e4e6-f02d-4cdc-98a8-6b5c50a375e3","name":"Aether\u0027s delight","description":"Find some Blueberry Bushes! Break them to obtain their Berry. If you want to relocate them, break them again.","x":29,"y":118,"icon":{"id":"aether_legacy:blue_berry"},"prerequisites":["b2ad5f0b-1b0f-4967-9e94-076b3e6a0224"],"tasks":[{"type":"DETECT","items":[{"item":{"id":"aether_legacy:blue_berry"},"required":8}]}],"reward":[{"id":"aether_legacy:candy_cane","amount":6}],"commandrewards":[]},{"uuid":"ac7ab07b-cdce-41bb-a563-61edc88f931c","name":"Brrr, it\u0027s cold, don\u0027t touch it","description":"Find some Icestone underground in the Aether! It\u0027s about as rare as Iron Ore in the overworld but spawns in larger veins.","x":41,"y":95,"icon":{"id":"aether_legacy:icestone"},"prerequisites":["b2ad5f0b-1b0f-4967-9e94-076b3e6a0224"],"tasks":[{"type":"DETECT","items":[{"item":{"id":"aether_legacy:icestone"},"required":10}]}],"reward":[{"id":"aether_legacy:icestone","amount":12}],"commandrewards":[]},{"uuid":"8165567e-6c4b-4ca2-aa87-abedbf1d896c","name":"( ( O ) )","description":"It resonates with great power... THIS must be source of energy...!","x":104,"y":162,"bigicon":true,"icon":{"id":"contenttweaker:resonating_orb"},"prerequisites":["16a811b3-1c05-44e0-9cfe-256f633c45d2","7f4b4625-007c-4fd9-88b7-ebe154caaea9","855bcc66-daa2-4ed8-8c8a-c34a678900ed"],"tasks":[{"type":"DETECT","items":[{"item":{"id":"contenttweaker:resonating_orb"}}]}],"reward":[{"id":"minecraft:redstone_block","amount":16}],"commandrewards":[]},{"uuid":"edba96be-4a92-46c6-81e5-77a4789a25e0","name":"Makes it taste waaay better!","description":"Enchant some Blackberries in your Enchanter. 100% guaranteed better taste!","x":67,"y":141,"icon":{"id":"aether_legacy:enchanted_blueberry"},"prerequisites":["2f04e4e6-f02d-4cdc-98a8-6b5c50a375e3","5c1db782-8744-44c9-ac1c-a0284a0bc7de"],"tasks":[{"type":"DETECT","items":[{"item":{"id":"aether_legacy:enchanted_blueberry"},"required":8}]}],"rewardchoice":[{"id":"mekanism:oreblock","amount":10},{"id":"minecraft:obsidian","amount":16}],"commandrewards":[]},{"uuid":"74862f9b-83ce-4d74-b322-6902c78664ac","name":"No need for Coal, it\u0027s built in!","description":"Obtain a Coalstone Furnace from Villager houses in Iceika! Although these Furnaces cook slowly, they don\u0027t require any fuel to function.","x":207,"y":31,"icon":{"id":"divinerpg:coalstone_furnace"},"prerequisites":["bb3ab815-b7ba-4d79-a6c8-acc6e5cc0348"],"tasks":[{"type":"DETECT","items":[{"item":{"id":"divinerpg:coalstone_furnace"}}]}],"rewardchoice":[{"id":"minecraft:porkchop","amount":8},{"id":"minecraft:beef","amount":8},{"id":"minecraft:pumpkin","amount":8}],"commandrewards":[]},{"uuid":"2c6d23fa-9a4c-439b-97a2-651eddb85a6b","name":"The Bronze Dungeon","description":"Find an opening on the side of a larger Aether island! You\u0027ll know if you\u0027ve found a Bronze Dungeon, if the walls are made out of Carved Stone. Get to the end an awaken the Slider! This boss slides on walls and can only be damaged with a Pickaxe. Make sure to bring some Health Potions, Golden Apples and good armor to the fight, because this boss can be pretty tough!\n\nOnce you\u0027ve defeated the Slider, it\u0027ll drop a Bronze Key. Open the reward chest to find one Bronze Aether Coin inside!","x":66,"y":50,"icon":{"id":"contenttweaker:bronze_aether_coin"},"prerequisites":["b2ad5f0b-1b0f-4967-9e94-076b3e6a0224"],"tasks":[{"type":"DETECT","items":[{"item":{"id":"contenttweaker:bronze_aether_coin"}}]}],"reward":[{"id":"thermalfoundation:material","damage":163,"amount":64},{"id":"minecraft:splash_potion","amount":3,"nbt":"{Potion:\"cofhcore:healing3\"}"}],"rewardchoice":[{"id":"minecraft:potion","nbt":"{Potion:\"minecraft:long_fire_resistance\"}"},{"id":"minecraft:potion","nbt":"{Potion:\"minecraft:strong_strength\"}"}],"commandrewards":[]},{"uuid":"904a355b-b15c-4237-9841-1dc8f21cab5d","name":"Spew! Spew! Fill! Fill!","description":"During your Ender Dragon petting mission, collect some Dragon\u0027s Breath!\n\nIf you missed the opportunity to do so, you can resummon the Ender Dragon with 4 End Crystals on either side of the portal.","x":238,"y":138,"icon":{"id":"minecraft:dragon_breath"},"prerequisites":["714e6fb9-b53d-45b5-bc0f-e87325790544"],"tasks":[{"type":"DETECT","items":[{"item":{"id":"minecraft:dragon_breath"},"required":8}]}],"rewardchoice":[{"id":"contenttweaker:demonlord_ingot","amount":8},{"id":"extrautils2:suncrystal","amount":4}],"commandrewards":[]},{"uuid":"5c1db782-8744-44c9-ac1c-a0284a0bc7de","name":"The result of your work","description":"Now that you have defeated all three Aether bosses, you can craft an Enchanter! Note that the Aether Power Core has 64 durability, so you can craft up to a stack of Enchanters. Just like the Freezer, this machine also accepts inputs pushed in through any side or the top, and you can pull out the result from the bottom. However, if you don\u0027t want to automate it yet, it might be smarter to put an Enchanted Gravitite Block below the machine. This way it\u0027ll work twice as fast and use half the Ambrosium Shards.","x":92,"y":95,"icon":{"id":"aether_legacy:enchanter"},"prerequisites":["032577dd-ddba-4fca-99a3-f0bf228ea24f","2c6d23fa-9a4c-439b-97a2-651eddb85a6b","9c7bd552-a95e-412c-a764-39565da679aa","8030d55a-5eb8-44ec-aa26-0238dcbf7ba0"],"tasks":[{"type":"DETECT","items":[{"item":{"id":"aether_legacy:enchanter"}}]}],"reward":[{"id":"aether_legacy:legacy"}],"commandrewards":[]},{"uuid":"c8b6ac8e-1e34-4f81-86d6-e4e583815d8c","name":"You\u0027re hot then you\u0027re cold","description":"Place some Lava in the Aether! It\u0027ll immediately freeze into Aerogel which you can mine up... Consider thinking of a way to automate this later...\n\n\u0027Cause you\u0027re hot then you\u0027re cold,\nYou\u0027re yes then you\u0027re no,\nYou\u0027re in then you\u0027re out,\nYou\u0027re up then you\u0027re down,\nYou\u0027re wrong when it\u0027s right,\nIt\u0027s black and it\u0027s white,\nWe fight, we break up,\nTurn Lava to Ice!","x":145,"y":140,"icon":{"id":"aether_legacy:aerogel"},"prerequisites":["b2ad5f0b-1b0f-4967-9e94-076b3e6a0224"],"tasks":[{"type":"DETECT","items":[{"item":{"id":"aether_legacy:aerogel"},"required":3}]}],"reward":[{"id":"minecraft:lava_bucket","amount":3}],"commandrewards":[]},{"uuid":"03f27c6a-1164-4b93-9e8e-a126b762b151","name":"A compact refridgerator","description":"Craft an Aether Freezer! Fuel it with Icestone, and if you want to automate it, insert items from any side or top, and pull the result from the bottom using a Hopper!","x":67,"y":95,"icon":{"id":"aether_legacy:freezer"},"prerequisites":["ac7ab07b-cdce-41bb-a563-61edc88f931c","032577dd-ddba-4fca-99a3-f0bf228ea24f"],"tasks":[{"type":"DETECT","items":[{"item":{"id":"aether_legacy:freezer"}}]}],"reward":[{"id":"aether_legacy:welcoming_skies"}],"commandrewards":[]},{"uuid":"630ba4db-4fa9-47f9-9b06-46a93d269d7f","name":"It\u0027s aching...! For the plant.","description":"Find some Aechor Plants that randomly spawn on the surface of Aether islands! They have light cyan petals and usually spawn in small groups. Watch out, once you get close, they\u0027ll shoot poison darts at you. Once you get close, Right Click on them with your Skyroot Bucket to obtain Skyroot Poison. Each Plant can be Right Clicked on several times before they run out of Poison. Make sure to collect a lot of it.","x":119,"y":95,"icon":{"id":"aether_legacy:skyroot_bucket","damage":2},"prerequisites":["2dde0b32-cf4f-44ec-a653-8772496e8e92"],"tasks":[{"type":"DETECT","items":[{"item":{"id":"aether_legacy:skyroot_bucket","damage":2},"required":3}]}],"reward":[{"id":"aether_legacy:skyroot_bucket","damage":4}],"commandrewards":[]},{"uuid":"68d7319a-4ad6-474f-90bc-7bb891d7c87d","name":"I Valk-ed right into them","description":"Obtain some Valkyrie Metal Ingots and Nuggets from Silver Dungeon Chests!","x":79,"y":72,"icon":{"id":"tinkersaether:valkyrie_ingot"},"prerequisites":["9c7bd552-a95e-412c-a764-39565da679aa"],"tasks":[{"type":"DETECT","items":[{"item":{"id":"tinkersaether:valkyrie_nugget"},"required":5},{"item":{"id":"tinkersaether:valkyrie_ingot"},"required":3}]}],"reward":[{"id":"tinkersaether:valkyrie_ingot","amount":4}],"commandrewards":[]},{"uuid":"62ab7d9f-3d10-41c3-a812-4dbd00438031","name":"Very peculiar","description":"\"I sold \u0027er to an older!\"","x":41,"y":141,"icon":{"id":"contenttweaker:golder_molder_folder"},"prerequisites":["fc5c9220-9187-405a-8baa-b8bdf1be1d0f"],"tasks":[{"type":"DETECT","items":[{"item":{"id":"contenttweaker:golder_molder_folder"}}]}],"reward":[{"id":"minecraft:enchanted_book","nbt":"{StoredEnchantments:[{lvl:1s,id:70s}]}"}],"commandrewards":[]},{"uuid":"7f4b4625-007c-4fd9-88b7-ebe154caaea9","name":"Roll \u0027em down","description":"Enchant some Holystone to create some Healing Stones! They can be eaten to gain Regeneration I for half a minute. Or you can use them to progress further...","x":92,"y":140,"icon":{"id":"aether_legacy:healing_stone"},"prerequisites":["03f27c6a-1164-4b93-9e8e-a126b762b151"],"tasks":[{"type":"DETECT","items":[{"item":{"id":"aether_legacy:healing_stone"},"required":4}]}],"reward":[{"id":"aether_legacy:ambrosium_shard","amount":20}],"commandrewards":[]},{"uuid":"714e6fb9-b53d-45b5-bc0f-e87325790544","name":"Get to the End already!","description":"Let the Eyes of Ender guide you to the End Portal! Activate it and enter it...\n\nThough I thought I didn\u0027t have to tell you this... Aren\u0027t you a professional Minecraft player?!\n\nThe rewarded bottles are to collect Dragon\u0027s Breath. Don\u0027t forget to nab some!","x":224,"y":114,"icon":{"id":"minecraft:end_portal_frame"},"prerequisites":["24cbdefd-3fc5-4bae-87d1-76c90f2f9de4"],"tasks":[{"type":"LOCATION","locations":[{"name":"New","icon":{"id":"minecraft:end_portal_frame"},"x":0,"y":0,"z":0,"dim":1,"radius":-1}]}],"reward":[{"id":"minecraft:glass_bottle","amount":16}],"rewardchoice":[{"id":"minecraft:arrow","amount":32},{"id":"minecraft:potion","nbt":"{Potion:\"cofhcore:levitation+\"}"},{"id":"minecraft:golden_apple","amount":2}],"commandrewards":[]},{"uuid":"b2ad5f0b-1b0f-4967-9e94-076b3e6a0224","name":"Land in the Skies","description":"Create a portal frame out of Glowstone Blocks with an inner area of 2x3 blocks (just like a simple Nether Portal), then activate it with a Water Bucket. To actually enter the Aether, you\u0027ll need to Right Click onto an Aether Portal block with the Crown of Skies. This will grant you access to the Aether forever, through any Aether portal.\n\nOnce you have entered the dimension, get your Book of Lore from the quest reward. This is a useful tool for checking what each Aether item and block does. Simply place the item/block inside the book to get a short description for it.\n\nFinally, don\u0027t worry about falling off an island. You\u0027ll simply fall back to the overworld! If you have Slime Boots on, this shouldn\u0027t be an issue.","x":79,"y":27,"icon":{"id":"aether_legacy:aether_grass"},"prerequisites":["0eddeb00-0be3-4f75-ba8b-39800b602f79"],"tasks":[{"type":"LOCATION","locations":[{"name":"New","icon":{"id":"aether_legacy:aether_grass"},"x":0,"y":0,"z":0,"dim":4,"radius":-1}]}],"reward":[{"id":"aether_legacy:lore_book"}],"commandrewards":[]},{"uuid":"ef28e9fb-8fe8-4504-877b-cdf766b8ac34","name":"Ho-ho-ho!","description":"Find a Village house in Iceika! Enter it (you can open the Steel Door with a Right Click, no need to bust in by breaking it). Find the Workshop Merchant (red NPC) and trade some Snowflakes for the full set of Santa Armor!","x":222,"y":54,"icon":{"id":"divinerpg:santa_chestplate"},"prerequisites":["27b5f7e5-f154-4960-a890-6d2635c3f80b"],"tasks":[{"type":"DETECT","items":[{"item":{"id":"divinerpg:santa_helmet"}},{"item":{"id":"divinerpg:santa_chestplate"}},{"item":{"id":"divinerpg:santa_leggings"}},{"item":{"id":"divinerpg:santa_boots"}}]}],"rewardchoice":[{"id":"minecraft:ice","amount":16},{"id":"minecraft:packed_ice","amount":8}],"commandrewards":[]},{"uuid":"8030d55a-5eb8-44ec-aa26-0238dcbf7ba0","name":"The most frustrating boss","description":"Find a smaller floating island and the Gold Dungeon inside, with only one boss: the Sun Spirit. To initate the fight, you\u0027ll need to talk to him several times... but you might want to prepare first.\n\nIf you\u0027ve never done this fight before, this might take you a while, depending on how good your aim is. So prepare with multiple Fire Resistance and Healing Potions.\n\nFirstly, you cannot damage this boss with any regularly obtainable weapon or projectile, you can only damage it with projectiles called \"Icey Balls\" that randomly spawn from the Sun Spirit during the fight. However, both the boss and the iceballs randomly bounce around, with makes it hard to hit the iceballs into the Sun Spirit. Also, you can\u0027t wait too long, the iceballs will break a short time after spawning. Meanwhile, Fire Ball projectiles will also spawn and bounce around in the room. Make sure that neither the boss, nor the Fire Balls hit you. But especially watch out for the boss, as it deals a lot of damage on contact.\n\nYou\u0027ll need the hit iceballs into the Sun Spirit 10 times to defeat it. Once you\u0027ve succesfully done so, it\u0027ll drop a Golden Key. Open the Treasure Chest that appeared to obtain the Golden Aether Coin!","x":106,"y":73,"icon":{"id":"contenttweaker:golden_aether_coin"},"prerequisites":["b2ad5f0b-1b0f-4967-9e94-076b3e6a0224"],"tasks":[{"type":"DETECT","items":[{"item":{"id":"contenttweaker:golden_aether_coin"}}]}],"reward":[{"id":"minecraft:gold_ingot","amount":40},{"id":"minecraft:splash_potion","amount":3,"nbt":"{Potion:\"cofhcore:healing3\"}"}],"rewardchoice":[{"id":"minecraft:potion","nbt":"{Potion:\"minecraft:long_fire_resistance\"}"},{"id":"minecraft:potion","nbt":"{Potion:\"minecraft:strong_strength\"}"}],"commandrewards":[]}],"reputationBar":[]}