{"name":"Exploration II","description":" ","quests":[{"uuid":"ad156f75-7db2-4003-ac5e-6ecc435ccd1f","name":"I\u0027ll take one RAA!","description":"Climb to the top of the Sunspeaker Tower and destroy the central structure encased in Glass. By Right Clicking on it, it\u0027ll blow up and drop a Heart of Ra.","x":54,"y":67,"icon":{"id":"atum:heart_of_ra"},"prerequisites":["cac7ce8f-b432-4ea7-82ac-87405e286ec2"],"tasks":[{"type":"DETECT","items":[{"item":{"id":"atum:heart_of_ra"}}]}],"reward":[{"id":"minecraft:redstone_block","amount":10}],"commandrewards":[]},{"uuid":"8dcb74b0-e529-47ad-9ae6-89c9c0d9118c","name":"Iron Umbergolem","description":"Please read the quest description of the Mud Umbergolem quest! The Iron Umbergolem is found in the North-Eastern corner of the Maze.","x":202,"y":68,"icon":{"id":"erebus:idols","damage":1},"prerequisites":["e12368c8-058e-441b-b597-3fbed8d4eea4"],"tasks":[{"type":"DETECT","items":[{"item":{"id":"erebus:idols","damage":1}}]}],"rewardchoice":[{"id":"minecraft:potion","nbt":"{Potion:\"cofhcore:swiftness3+\"}"},{"id":"minecraft:potion","nbt":"{Potion:\"cofhcore:regeneration3+\"}"}],"commandrewards":[]},{"uuid":"f23c16f0-ad5d-4715-a9a8-77ad870a4d0d","name":"For Gaea-lactic travels","description":"Craft TWO Gaean Gems! One\u0027s needed to ENTER Erebus, the other\u0027s needed to LEAVE Erebus. (You don\u0027t wanna get stuck, do you?)","x":188,"y":136,"icon":{"id":"erebus:materials","damage":38},"prerequisites":["4ad6e344-8b84-48f6-9591-4f752fddcde0"],"tasks":[{"type":"DETECT","items":[{"item":{"id":"erebus:materials","damage":38},"required":2}]}],"rewardchoice":[{"id":"thermalfoundation:ore","damage":5,"amount":10},{"id":"appliedenergistics2:quartz_ore","amount":20}],"commandrewards":[]},{"uuid":"1109e709-583b-4678-9017-78eb65b02588","name":"[ARTIFACTS] Melee Weapons","description":"Find and raid a Pyramid! Go down into the maze below the structure. You can disable traps by Right Clicking on them with a Pickaxe. Get to the end and summon the Pharaoh using 4 Ambrosium Torches. Once defeated, Right Click on its tomb to find various treasures and excatly one Artifact! There are 4 types of Artifacts: Melee, Ranged, Armor \u0026 Necklce. You\u0027ll need to find one of each type (so you\u0027ll need to raid at least 4 Pyramids) in order to continue. To complete this quest specifically, you\u0027ll need to find one Melee Artifact.","x":81,"y":67,"icon":{"id":"atum:atums_will"},"prerequisites":["2a5f36e9-2fc4-48a5-863f-41b36e9c470b"],"tasks":[{"type":"DETECT","items":[{"item":{"id":"atum:atums_will"},"precision":"ORE_DICTIONARY"}]}],"reward":[{"id":"minecraft:splash_potion","nbt":"{Potion:\"cofhcore:healing4\"}"},{"id":"actuallyadditions:item_solidified_experience","amount":16}],"rewardchoice":[{"id":"minecraft:diamond","amount":8},{"id":"minecraft:glowstone","amount":16}],"commandrewards":[]},{"uuid":"3f6f1d6b-6733-42b6-ba41-b84d9988bb0f","name":"No need for Emmer-gency","description":"Grow some Emmer! This is the Wheat equivalent of Atum. In order to grow the seeds, you\u0027ll need water and tillable soil, so either find an Oasis or go back to the Overworld for them.","x":30,"y":114,"icon":{"id":"atum:emmer"},"prerequisites":["be7f6a61-2563-4dd2-9f63-7c247969ada9"],"tasks":[{"type":"DETECT","items":[{"item":{"id":"atum:emmer"},"required":3}]}],"rewardchoice":[{"id":"minecraft:leather","amount":8},{"id":"minecraft:feather","amount":8}],"commandrewards":[]},{"uuid":"769053b2-d1f3-4944-9c88-91be47c02ee8","name":"Not M enough, do it EMMER!","description":"Crush your Emmer using your Quern to obtain some Emmer Flour! To turn Emmer Flour into Emmer Dough, simply Right Click with it on a Water source block.","x":30,"y":184,"icon":{"id":"atum:emmer_flour"},"prerequisites":["3f6f1d6b-6733-42b6-ba41-b84d9988bb0f","cd2cbde8-c263-4a4d-8217-45801f5c585b"],"tasks":[{"type":"DETECT","items":[{"item":{"id":"atum:emmer_flour"},"required":3}]}],"reward":[{"id":"openblocks:glyph","damage":77}],"commandrewards":[]},{"uuid":"79bcf96e-e8d5-44fb-ab6a-2aede5fc068b","name":"You\u0027re a wizard, Harry!","description":"Craft TWO Staves of Gaea. One\u0027s used to ENTER Erebus, the other\u0027s used to LEAVE Erebus.\n\n[Read this if you\u0027ve still managaed to get stuck in Erebus] Okay. You didn\u0027t listen to me. I warned you multiple times. Well, this is your fault now. All the materials required for an Offering Altar, a Gaean Gem and a Staff of Gaea can be found inside Erebus. Emeralds are quite rare, but you might be able to gather them from some of the quest rewards in this chapter. Welp, time to get minin\u0027! Also, if you can\u0027t seem to craft a Furnace, just remember how you made Iron the first time. You can find Dandelions and Yellow Petal Blocks in Erebus as well. (By the way, this is why the Offering Altar, the Gaean Gem and the Staff of Gaea only require some basic materials.)","x":215,"y":136,"icon":{"id":"erebus:portal_activator"},"prerequisites":["f23c16f0-ad5d-4715-a9a8-77ad870a4d0d"],"tasks":[{"type":"DETECT","items":[{"item":{"id":"erebus:portal_activator"},"required":2}]}],"rewardchoice":[{"id":"minecraft:gold_ore","amount":10},{"id":"minecraft:glowstone","amount":14}],"commandrewards":[]},{"uuid":"66344046-d557-47e6-9e0c-17878bbdf278","name":"Low on food?","description":"Tarantula legs might be disguisting, but if there\u0027s nothing better, cook them and munch them up! They\u0027re crispy.","x":241,"y":90,"icon":{"id":"erebus:erebus_food","damage":5},"prerequisites":["e12368c8-058e-441b-b597-3fbed8d4eea4"],"tasks":[{"type":"DETECT","items":[{"item":{"id":"erebus:erebus_food","damage":4},"required":8},{"item":{"id":"erebus:erebus_food","damage":5},"required":8}]}],"reward":[{"id":"minecraft:cooked_beef","amount":8}],"commandrewards":[]},{"uuid":"f4cdc1b0-e5f0-44e6-a78e-f3ace2d90400","name":"Insertion assertion","description":"Craft a Gaean Keystone! Then build a portal frame out of any kind of solid blocks and fill the middle with leaf blocks! The frame can be any shape, convex or concave, horizontal or vertical. To activate the portal, place the Gaean Keystone in front of the portal, and put one of your Staff of Gaea inside.","x":202,"y":114,"icon":{"id":"erebus:gaean_keystone"},"prerequisites":["c4a4aaa6-cba4-463a-a436-45b4d72d14ab"],"tasks":[{"type":"DETECT","items":[{"item":{"id":"erebus:gaean_keystone"}}]}],"reward":[{"id":"mekanism:atomicalloy","amount":4}],"commandrewards":[]},{"uuid":"97d9369a-26e9-49de-b1f9-86eadfd867ac","name":"Perfect in a mob farm","description":"Craft at least one Velocity Block! Any entity on top will be pushed in the direction the arrow is pointing toward with 5x the base walking speed. Moreover, mobs can spawn on top of these blocks, which make them a perfect candidate for a mobfarm floor!","x":241,"y":182,"icon":{"id":"erebus:velocity_block"},"prerequisites":["1cd3e900-afe2-4b73-8ddf-39f4a4496d3c"],"tasks":[{"type":"DETECT","items":[{"item":{"id":"erebus:velocity_block"}}]}],"reward":[{"id":"erebus:velocity_block"}],"commandrewards":[]},{"uuid":"1cd3e900-afe2-4b73-8ddf-39f4a4496d3c","name":"Strip the Stripes","description":"Find either some Solifuges (in the Ulterior Outback biome) or some Centipedes (in the Ulterior Outback / Elysian Fields / Subterranean Savannah biome) to obtain some Bio-Velocity!","x":254,"y":159,"icon":{"id":"erebus:materials","damage":8},"prerequisites":["e12368c8-058e-441b-b597-3fbed8d4eea4"],"tasks":[{"type":"DETECT","items":[{"item":{"id":"erebus:materials","damage":8},"required":6}]}],"reward":[{"id":"erebus:materials","damage":8,"amount":3}],"commandrewards":[]},{"uuid":"f5bd690d-f3c0-4c4d-b96b-6cf21136980c","name":"Purity!","description":"Wash some of your Dirty Relics to turn them into beatuiful Pure Relics! You can Right Click them on Sunspeakers to sell them for Gold Coins.","x":54,"y":22,"icon":{"id":"atum:loot_gold_idol"},"prerequisites":["cac7ce8f-b432-4ea7-82ac-87405e286ec2"],"tasks":[{"type":"DETECT","items":[{"item":{"id":"atum:loot_gold_idol"},"required":4,"precision":"ORE_DICTIONARY"}]}],"reward":[{"id":"atum:coin_gold","amount":16}],"commandrewards":[]},{"uuid":"5a0d0cef-46dc-4843-9107-bd769fd692fe","name":"[ARTIFACTS] Necklaces","description":"Please read the Melee Artifact quest description. This quest is for the rarest type of Artifacts, Necklace Artifacts!","x":121,"y":90,"icon":{"id":"atum:atums_homecoming"},"prerequisites":["2a5f36e9-2fc4-48a5-863f-41b36e9c470b"],"tasks":[{"type":"DETECT","items":[{"item":{"id":"atum:atums_homecoming"},"precision":"ORE_DICTIONARY"}]}],"reward":[{"id":"minecraft:splash_potion","nbt":"{Potion:\"cofhcore:healing4\"}"},{"id":"actuallyadditions:item_solidified_experience","amount":16}],"rewardchoice":[{"id":"minecraft:diamond","amount":8},{"id":"minecraft:glowstone","amount":16}],"commandrewards":[]},{"uuid":"e16da0b4-5562-4953-be99-1c52935d7e5b","name":"Snitches get Riches","description":"Find a Sunspeaker Tower! They\u0027re commonly found in mountainous areas of Atum, and emit a red beacon light. Right Click on them with your washed Relics to trade them for Gold Coins! You can get a surprisingly large amount of Coins this way.","x":82,"y":22,"icon":{"id":"atum:coin_gold"},"prerequisites":["cac7ce8f-b432-4ea7-82ac-87405e286ec2"],"tasks":[{"type":"DETECT","items":[{"item":{"id":"atum:coin_gold"},"required":64}]}],"reward":[{"id":"atum:coin_gold","amount":32}],"commandrewards":[]},{"uuid":"36606510-38ea-4085-97a2-52aca0add519","name":"Thread-threat","description":"Use your Spinning Wheel to create 12 pieces of Linen Cloth! Though that\u0027s enough to complete this quest, you might need more thereafter...","x":82,"y":160,"icon":{"id":"atum:linen_thread"},"prerequisites":["e8ce069b-e9a2-4659-8b82-49c30b8f1b8a","af39e7b8-5abc-4b18-8352-86f46e5804b0"],"tasks":[{"type":"DETECT","items":[{"item":{"id":"atum:linen_thread"},"required":12}]}],"reward":[{"id":"atum:linen_thread","amount":8}],"commandrewards":[]},{"uuid":"a7cad5be-8f15-4557-bbf2-51e8a06acee0","name":"Breaking the Fourth Wall","description":"Find a peculiar looking camel-shaped structure in the desert! Go inside to find some developer jokes that might or might not break the fourth wall, and find the Idol of Labor Artifact. You can even start a conversation with it by Right Clicking it...","x":108,"y":66,"icon":{"id":"atum:idol_of_labor"},"prerequisites":["2a5f36e9-2fc4-48a5-863f-41b36e9c470b"],"tasks":[{"type":"DETECT","items":[{"item":{"id":"atum:idol_of_labor"}}]}],"reward":[{"id":"atum:camel_diamond_armor"}],"commandrewards":[]},{"uuid":"e12368c8-058e-441b-b597-3fbed8d4eea4","name":"Onwards, to the Land of Bzz!","description":"Enter the Erebus! Make sure to bring lots of food, good gear, a Backpack and Water Buckets. You\u0027re gonna be inside for a while. Once entered, place your second Staff of Gaea in the Gaean Keystone that spawned on the other side.","x":228,"y":113,"icon":{"id":"erebus:leaves_mahogany"},"prerequisites":["f4cdc1b0-e5f0-44e6-a78e-f3ace2d90400","79bcf96e-e8d5-44fb-ab6a-2aede5fc068b"],"tasks":[{"type":"LOCATION","locations":[{"name":"New","icon":{"id":"erebus:leaves_mahogany"},"x":0,"y":0,"z":0,"dim":66,"radius":-1}]}],"reward":[{"id":"minecraft:golden_apple","damage":1}],"commandrewards":[]},{"uuid":"be7f6a61-2563-4dd2-9f63-7c247969ada9","name":"Emmer-ge in the Seeds!","description":"Find some Emmer Seeds by either punching tall grass in an Atum Oasis or in a teasure chest!","x":42,"y":91,"icon":{"id":"atum:emmer_seeds"},"prerequisites":["2a5f36e9-2fc4-48a5-863f-41b36e9c470b"],"tasks":[{"type":"DETECT","items":[{"item":{"id":"atum:emmer_seeds"},"required":3}]}],"reward":[{"id":"minecraft:dye","damage":15,"amount":16}],"commandrewards":[]},{"uuid":"d78752c4-6630-4528-ac5e-2c1ede484b78","name":"The most useful smoothie","description":"Obtain some Poison Gland from any of the poisonous bugs in Erebus, and a Nettle Leaf from Nettles found in Elysian Fields or the Subterranean Savannahs! This is probably the most useful Potion you\u0027ll get access to, since many of the creatures in this dimension poison you. It\u0027ll be especially useful when fighting against Tarantulas and the Tarantula Brood Mother.","x":202,"y":159,"icon":{"id":"erebus:anti_venom_bottle"},"prerequisites":["ae7f7a8a-dada-4644-ae25-ee9ffaa6fa0a"],"tasks":[{"type":"DETECT","items":[{"item":{"id":"erebus:anti_venom_bottle"}}]}],"reward":[{"id":"erebus:anti_venom_bottle","amount":2}],"commandrewards":[]},{"uuid":"e466878b-71fd-425e-b225-5fac29d0c83a","name":"Wanna build a Bathroom?","description":"Find some Marl underground in Atum and smelt it in your Kiln to create some White Ceramic Tile Blocks!","x":69,"y":137,"icon":{"id":"atum:ceramic_white"},"prerequisites":["d5be94a1-ff6f-49ac-b35f-de84d99d0cd2"],"tasks":[{"type":"DETECT","items":[{"item":{"id":"atum:ceramic_white"},"required":8}]}],"reward":[{"id":"thaumcraft:bath_salts","nbt":"{display:{Lore:[\"I heard this was useful for your bathroom..!\"]}}"}],"commandrewards":[]},{"uuid":"b1e582ca-1741-4cdd-b891-3b4fc6b3cbf3","name":"Silky Wonders","description":"Find some Relic Ore underground and mine it up using Silk Touch!","x":56,"y":114,"icon":{"id":"atum:relic_ore"},"prerequisites":["2a5f36e9-2fc4-48a5-863f-41b36e9c470b"],"tasks":[{"type":"DETECT","items":[{"item":{"id":"atum:relic_ore"},"required":4}]}],"reward":[{"id":"atum:relic_ore","amount":4}],"commandrewards":[]},{"uuid":"fc4e9695-a56c-49d1-83e8-5a670d696531","name":"Black Tarantula","description":"Find a Giant Baobab Tree that spawns exclusively in the Subterranean Savannah biome. Defeat the Tarantulas at the bottom, climb up to the top, and fight the Tarantula Brood Mother! In Phase 1, it can only be damaged by ranged projectiles. If you\u0027re using a Golden Fury, make sure to stand farther back in order to hit her! Phase 2 begins when the Brood Mother goes below 50% health. In this Phase, you can only damage it by melee hits. It might be a good idea to start off the fight from a platform you\u0027ve built up next to the tower, so you can\u0027t get knocked down in Phase 1 at least. Good luck! You\u0027ll need it... Once defeated, mine up the Tarantula Egg it leaves behind!\n\nBlack Tarantula, time for the massive come sing ya!\nBlack Tarantula, don\u0027t play with my style I might sting ya...!\nBlack tarantula, you want me inject me bacteria..!\nAnd if ya body goin\u0027 stiff and your spine goin\u0027 numb... Now come fi get some...","x":255,"y":67,"icon":{"id":"erebus:tarantula_egg"},"prerequisites":["66344046-d557-47e6-9e0c-17878bbdf278"],"tasks":[{"type":"DETECT","items":[{"item":{"id":"erebus:tarantula_egg"}}]}],"reward":[{"id":"actuallyadditions:item_solidified_experience","amount":24},{"id":"minecraft:enchanted_book","nbt":"{StoredEnchantments:[{lvl:3s,id:59s}]}"}],"rewardchoice":[{"id":"minecraft:diamond","amount":12},{"id":"minecraft:emerald","amount":2}],"commandrewards":[]},{"uuid":"99d7ab68-3e9a-4f3f-b501-fff4054c159a","name":"A Soul from Atum","description":"It almost doesn\u0027t even seem to HAVE a soul.... Or does it...?","x":139,"y":182,"icon":{"id":"contenttweaker:atum_poppet"},"prerequisites":["4e1e7b28-be21-460f-8d95-4f92a5a8b35a","dcb3d50c-f9f9-4379-bc56-a0796d10127a"],"tasks":[{"type":"DETECT","items":[{"item":{"id":"contenttweaker:atum_poppet"}}]}],"reward":[{"id":"atum:desert_wolf_diamond_armor"}],"commandrewards":[]},{"uuid":"4ad6e344-8b84-48f6-9591-4f752fddcde0","name":"Don\u0027t offer it too much","description":"Craft an Erebus Offering Altar! To use it, simply Right Click the 3 required items on it, and wait...","x":174,"y":114,"icon":{"id":"erebus:altar_offering"},"prerequisites":["c4a4aaa6-cba4-463a-a436-45b4d72d14ab"],"tasks":[{"type":"DETECT","items":[{"item":{"id":"erebus:altar_offering"}}]}],"rewardchoice":[{"id":"minecraft:obsidian","amount":20},{"id":"minecraft:quartz_ore","amount":12}],"commandrewards":[]},{"uuid":"9bba933c-fde2-4d89-97e4-4c361f7e1afc","name":"Rock\u0027n\u0027Roll","description":"Find all the Erebus-specific Ores underground: Temple Ore, Fossil Ore and Gneiss Ore. Mine up some of them to complete this quest!","x":255,"y":113,"icon":{"id":"erebus:materials","damage":74},"prerequisites":["e12368c8-058e-441b-b597-3fbed8d4eea4"],"tasks":[{"type":"DETECT","items":[{"item":{"id":"erebus:materials","damage":74},"required":8},{"item":{"id":"erebus:materials","damage":2},"required":8},{"item":{"id":"erebus:materials","damage":47},"required":8}]}],"rewardchoice":[{"id":"erebus:materials","damage":74,"amount":10},{"id":"erebus:materials","damage":2,"amount":10},{"id":"erebus:materials","damage":47,"amount":10}],"commandrewards":[]},{"uuid":"516e5210-6f25-44b3-acc0-fdb2ab7b5fa5","name":"Birth of the Powerpuff girls?","description":"Craft a Power Egg! ...Now what could THIS be used for...?","x":269,"y":45,"icon":{"id":"contenttweaker:power_egg"},"prerequisites":["43a9c8d1-e008-422e-8cc9-a80a47928a64","fc4e9695-a56c-49d1-83e8-5a670d696531"],"tasks":[{"type":"DETECT","items":[{"item":{"id":"contenttweaker:power_egg"}}]}],"rewardchoice":[{"id":"minecraft:ghast_tear","amount":3},{"id":"minecraft:skull","damage":1,"amount":2}],"commandrewards":[]},{"uuid":"48cc4515-13f9-47d9-9ee1-58bc533b09da","name":"Watch out: Falling Pandas","description":"Find some Bamboo Stalks in Erebus! It\u0027s pretty easy to get a lot of it.","x":242,"y":136,"icon":{"id":"erebus:materials","damage":3},"prerequisites":["e12368c8-058e-441b-b597-3fbed8d4eea4"],"tasks":[{"type":"DETECT","items":[{"item":{"id":"erebus:materials","damage":3},"required":8}]}],"rewardchoice":[{"id":"tconstruct:ingots","amount":6},{"id":"tconstruct:ingots","damage":1,"amount":6}],"commandrewards":[]},{"uuid":"cc5115bb-0b3a-4cba-929e-07313ab7f0b7","name":"Jade Umbergolem","description":"Please read the quest description of the Mud Umbergolem quest! The Jade Umbergolem is found in the South-Western corner of the Maze.","x":176,"y":22,"icon":{"id":"erebus:idols","damage":3},"prerequisites":["e12368c8-058e-441b-b597-3fbed8d4eea4"],"tasks":[{"type":"DETECT","items":[{"item":{"id":"erebus:idols","damage":3}}]}],"rewardchoice":[{"id":"minecraft:potion","nbt":"{Potion:\"cofhcore:swiftness3+\"}"},{"id":"minecraft:potion","nbt":"{Potion:\"cofhcore:regeneration3+\"}"}],"commandrewards":[]},{"uuid":"65e3ba1f-8a8e-4b84-91fe-b4ae9e8b40eb","name":"A Mixin\u0027 job","description":"Craft some Mixed Erebusian Stone! It\u0027s a nice building block, but it\u0027s also used to progress futher.","x":268,"y":90,"icon":{"id":"contenttweaker:mixed_erebusian_stone"},"prerequisites":["9bba933c-fde2-4d89-97e4-4c361f7e1afc"],"tasks":[{"type":"DETECT","items":[{"item":{"id":"contenttweaker:mixed_erebusian_stone"},"required":3}]}],"rewardchoice":[{"id":"minecraft:diamond","amount":2},{"id":"minecraft:emerald","amount":2}],"commandrewards":[]},{"uuid":"24d2b76a-ec71-4d9d-8ff0-3f1ad6fe6f07","name":"An unwelcome customer","description":"Find a Sunspeaker Tower in mountainous areas of Atum! Defeat some of the Sunspeakers to obtain some Efreet Hearts! Though you might want to trade with them first...","x":41,"y":45,"icon":{"id":"atum:efreet_heart"},"prerequisites":["cac7ce8f-b432-4ea7-82ac-87405e286ec2"],"tasks":[{"type":"DETECT","items":[{"item":{"id":"atum:efreet_heart"}}]}],"rewardchoice":[{"id":"contenttweaker:relic_ingot","amount":10}],"commandrewards":[]},{"uuid":"d5be94a1-ff6f-49ac-b35f-de84d99d0cd2","name":"Desert Fire","description":"Use your Relic Ingots to craft some Relic Blocks and an Atum Kiln! This can be used as a regular Furnace, or to create some Atum-specific items.","x":43,"y":137,"icon":{"id":"atum:kiln"},"prerequisites":["b1e582ca-1741-4cdd-b891-3b4fc6b3cbf3"],"tasks":[{"type":"DETECT","items":[{"item":{"id":"atum:kiln"}}]}],"rewardchoice":[{"id":"contenttweaker:relic_dust","amount":4},{"id":"minecraft:coal","damage":1,"amount":12}],"commandrewards":[]},{"uuid":"98a11de6-387e-4267-a21f-90cec7843cc3","name":"Where Amoonguss hides","description":"Find a Fungal Forest biome in Erebus and collect a couple pieces of each type of large mushrooms! Though this is enough to complete this quest, you might need more very soon...\n\n\n(Only 4 choices by the quest rewards? Complain to the creators of HQM for adding a cap of 4 \"Pick one\" options.)","x":281,"y":113,"icon":{"id":"erebus:kaizers_fingers_mushroom"},"prerequisites":["e12368c8-058e-441b-b597-3fbed8d4eea4"],"tasks":[{"type":"DETECT","items":[{"item":{"id":"erebus:dark_capped_mushroom"},"required":4},{"item":{"id":"erebus:sarcastic_czech_mushroom"},"required":4},{"item":{"id":"erebus:grandmas_shoes_mushroom"},"required":4},{"item":{"id":"erebus:dutch_cap_mushroom"},"required":4},{"item":{"id":"erebus:kaizers_fingers_mushroom"},"required":4}]}],"rewardchoice":[{"id":"erebus:dark_capped_mushroom","amount":8},{"id":"erebus:sarcastic_czech_mushroom","amount":8},{"id":"erebus:grandmas_shoes_mushroom","amount":8},{"id":"erebus:dutch_cap_mushroom","amount":8}],"commandrewards":[]},{"uuid":"44b82a33-e1d0-4a93-9db6-faf61c3c81fc","name":"The perfect combo","description":"Mix together some Mushrooms and Ember to create some Hardened Ember Moosh!","x":297,"y":135,"icon":{"id":"contenttweaker:hardened_amber_moosh"},"prerequisites":["98a11de6-387e-4267-a21f-90cec7843cc3","6cfbc948-21fe-4761-9428-ae92914df2a5"],"tasks":[{"type":"DETECT","items":[{"item":{"id":"contenttweaker:hardened_amber_moosh"},"required":2}]}],"rewardchoice":[{"id":"erebus:ore_iron","amount":24},{"id":"erebus:ore_gold","amount":12}],"commandrewards":[]},{"uuid":"2a5f36e9-2fc4-48a5-863f-41b36e9c470b","name":"The Mystery Revealed","description":"Craft a Scarab! This item is used to enter the Atum. To create the portal, place a 5x5 platform of Sandstone. Then raise up the edges by 1 block, and fill up the resulting 3x3 inner area with Water source blocks. Finally, build a 2-high Sandstone pillar on each of the corners, and throw in the Scarab.\n\nNote: If you\u0027re building this portal in Creative Mode for some reason, and it isn\u0027t working, try again without flying.","x":68,"y":90,"icon":{"id":"atum:scarab"},"prerequisites":["15048130-2670-49d7-96f1-0afd236f1ff5"],"tasks":[{"type":"DETECT","items":[{"item":{"id":"atum:scarab"}}]}],"reward":[{"id":"atum:pharaoh_torch","amount":4}],"commandrewards":[]},{"uuid":"674b0f01-4b39-4151-95f3-f9e5427e0704","name":"[ARTIFACTS] Ranged Weapons","description":"Please read the Melee Artifact quest description. This quest is for Ranged Artifacts!","x":95,"y":45,"icon":{"id":"atum:nuits_duality"},"prerequisites":["2a5f36e9-2fc4-48a5-863f-41b36e9c470b"],"tasks":[{"type":"DETECT","items":[{"item":{"id":"atum:shus_breath"},"precision":"ORE_DICTIONARY"}]}],"reward":[{"id":"minecraft:splash_potion","nbt":"{Potion:\"cofhcore:healing4\"}"},{"id":"actuallyadditions:item_solidified_experience","amount":16}],"rewardchoice":[{"id":"minecraft:diamond","amount":8},{"id":"minecraft:glowstone","amount":16}],"commandrewards":[]},{"uuid":"0ca04493-4566-4be2-9382-09302a52f418","name":"Into the Pyramid!","description":"Once you\u0027ve defeated all the Umbergolems, find your way back to the center and activate the Capstones on top by placing one of each Umbergolem Scarab into its Capstone! Then this quest will serve as a checklist on what you\u0027ll need. Near the entrance you\u0027ll find a chest that contains 8 Jades. Place them into the floor tiles to activate the trapdoor! You\u0027ll need to do this 4 more times with the items listed in this quest.\n\nNote: You can obtain Magma Cream from Fire Ants spawning in Erebus. The other items should be self-explanatory. You should have already gotten Exoskeleton Plates from Beetles roaming the Maze and Magma Crawler Eyes from Magma Crawlers commonly found on the ceiling of Maze corridors.","x":242,"y":45,"icon":{"id":"erebus:materials","damage":60},"prerequisites":["a0e3ad95-16ae-40fb-aec4-28c8eec63a9a","8dcb74b0-e529-47ad-9ae6-89c9c0d9118c","59bbc339-563f-48f6-b3ad-9af10281da79","cc5115bb-0b3a-4cba-929e-07313ab7f0b7"],"tasks":[{"type":"DETECT","items":[{"item":{"id":"erebus:materials"},"required":8},{"item":{"id":"erebus:materials","damage":60},"required":8},{"item":{"id":"minecraft:magma_cream"},"required":8},{"item":{"id":"minecraft:string"},"required":8}]}],"reward":[{"id":"minecraft:potion","nbt":"{Potion:\"minecraft:long_strength\"}"}],"commandrewards":[]},{"uuid":"32a17729-13a5-4dfc-bf91-fd94452b6727","name":"What comes after Atum(n)?","description":"Brrr.... Freezing cold Winter! Finish up Atum by crafting an Atum Warrior that lets you enter Iceika, the land of Winter!","x":136,"y":60,"bigicon":true,"icon":{"id":"contenttweaker:atum_warrior"},"prerequisites":["6cfbbc0d-7327-4132-8f2b-4b803a7c6169","1109e709-583b-4678-9017-78eb65b02588","674b0f01-4b39-4151-95f3-f9e5427e0704","d7cfb624-2aa1-45aa-896c-97a1561c25ca","5a0d0cef-46dc-4843-9107-bd769fd692fe","99d7ab68-3e9a-4f3f-b501-fff4054c159a","a7cad5be-8f15-4557-bbf2-51e8a06acee0"],"tasks":[{"type":"DETECT","items":[{"item":{"id":"contenttweaker:atum_warrior"}}]}],"reward":[{"id":"thermalfoundation:material","damage":160,"amount":8},{"id":"thermalfoundation:material","damage":165,"amount":8},{"id":"enderio:item_alloy_ingot","damage":4,"amount":8},{"id":"projectred-core:resource_item","damage":103,"amount":8}],"rewardchoice":[{"id":"divinerpg:arlemite_ore","amount":8},{"id":"divinerpg:rupee_ore","amount":8}],"commandrewards":[]},{"uuid":"0eddeb00-0be3-4f75-ba8b-39800b602f79","name":"From Depths to Highs","description":"Craft a Crown of Skies that lets you enter the Aether!","x":294,"y":64,"bigicon":true,"icon":{"id":"contenttweaker:crown_of_skies"},"prerequisites":["516e5210-6f25-44b3-acc0-fdb2ab7b5fa5","44b82a33-e1d0-4a93-9db6-faf61c3c81fc","65e3ba1f-8a8e-4b84-91fe-b4ae9e8b40eb"],"tasks":[{"type":"DETECT","items":[{"item":{"id":"contenttweaker:crown_of_skies"}}]}],"reward":[{"id":"aether_legacy:cold_parachute","amount":2}],"commandrewards":[]},{"uuid":"cac7ce8f-b432-4ea7-82ac-87405e286ec2","name":"Dirty Relics","description":"Find some Relic Ore underground and mine it up without using Silk Touch! Obtain every single type of Dirty Relic from it.","x":68,"y":44,"icon":{"id":"atum:loot_dirty_idol"},"prerequisites":["2a5f36e9-2fc4-48a5-863f-41b36e9c470b"],"tasks":[{"type":"DETECT","items":[{"item":{"id":"atum:coin_dirty"}},{"item":{"id":"atum:loot_dirty_ring"}},{"item":{"id":"atum:loot_dirty_scepter"}},{"item":{"id":"atum:loot_dirty_necklace"}},{"item":{"id":"atum:loot_dirty_broach"}},{"item":{"id":"atum:loot_dirty_idol"}}]}],"reward":[{"id":"atum:loot_dirty_idol","amount":8}],"commandrewards":[]},{"uuid":"6bc15216-6bdb-4226-90a1-261604bfcfff","name":"Oh, they\u0027re still ALIVE!?","description":"Find some Mummies in Atum! They can spawn at night or in Pyramids. Defeat them and collect their Cloth Scraps!","x":81,"y":113,"icon":{"id":"atum:cloth_scrap"},"prerequisites":["2a5f36e9-2fc4-48a5-863f-41b36e9c470b"],"tasks":[{"type":"DETECT","items":[{"item":{"id":"atum:cloth_scrap"},"required":3}]}],"reward":[{"id":"atum:disenchanting_scroll"}],"commandrewards":[]},{"uuid":"6cfbbc0d-7327-4132-8f2b-4b803a7c6169","name":"Are we... Date-ing?","description":"Trade with Sunspeakers all the way until you get the Enchanted Golden Date trade! This item grants the exact same effect as an Enchanted Golden Apple. Though you might not want to eat it, and just keep it for progression.","x":139,"y":22,"icon":{"id":"atum:golden_date_enchanted"},"prerequisites":["e16da0b4-5562-4953-be99-1c52935d7e5b"],"tasks":[{"type":"DETECT","items":[{"item":{"id":"atum:golden_date_enchanted"}}]}],"rewardchoice":[{"id":"thermalfoundation:material","damage":160,"amount":32},{"id":"minecraft:glowstone","amount":32}],"commandrewards":[]},{"uuid":"e8ce069b-e9a2-4659-8b82-49c30b8f1b8a","name":"You spin my flax Right Round","description":"Craft a Spinning Wheel! To use it, hold Right Click on the top with 3 Flax Flowers in your hands. Then You spin my flax right round, right round, when you go down, when you go down, down, since you can take out the resulting flax from down below, from the side of the block.","x":94,"y":136,"icon":{"id":"atum:spinning_wheel"},"prerequisites":["e466878b-71fd-425e-b225-5fac29d0c83a","6bc15216-6bdb-4226-90a1-261604bfcfff"],"tasks":[{"type":"DETECT","items":[{"item":{"id":"atum:spinning_wheel"}}]}],"rewardchoice":[{"id":"atum:diamond_ore","amount":4},{"id":"atum:emerald_ore","amount":4}],"commandrewards":[]},{"uuid":"af39e7b8-5abc-4b18-8352-86f46e5804b0","name":"So flax-ible!","description":"Grow some Flax Flowers! You\u0027ll need Water and tillable soil, so you might want to find an Oasis or go back to the Overworld for this.","x":120,"y":136,"icon":{"id":"atum:flax"},"prerequisites":["92266b2d-7669-43d9-a64d-75368359426e"],"tasks":[{"type":"DETECT","items":[{"item":{"id":"atum:flax"},"required":3}]}],"rewardchoice":[{"id":"minecraft:ender_pearl","amount":3},{"id":"minecraft:blaze_rod","amount":10}],"commandrewards":[]},{"uuid":"43a9c8d1-e008-422e-8cc9-a80a47928a64","name":"It\u0027s an Ant! It\u0027s a Lion!","description":"It\u0027s an Antlion!\n\nOnce you\u0027ve activated all the gates, you\u0027ll find yourself in the Antlion bossroom! Watch out, this boss is tough! It can charge at you, knock you away and even blind you for two seconds at a time. It\u0027s recommended to use a Potion of Strength to take it down.\n\nOnce defeated, mine up its Antlion Egg and return through the portal you came in. One of the portals in the previous room should bring you back to the top.","x":255,"y":22,"icon":{"id":"erebus:antlion_egg"},"prerequisites":["0ca04493-4566-4be2-9382-09302a52f418"],"tasks":[{"type":"DETECT","items":[{"item":{"id":"erebus:antlion_egg"}}]}],"reward":[{"id":"actuallyadditions:item_solidified_experience","amount":24},{"id":"minecraft:enchanted_book","nbt":"{StoredEnchantments:[{lvl:1s,id:36s}]}"}],"rewardchoice":[{"id":"minecraft:diamond","amount":12},{"id":"minecraft:emerald","amount":2}],"commandrewards":[]},{"uuid":"4e1e7b28-be21-460f-8d95-4f92a5a8b35a","name":"Fluffy!","description":"Craft some White Linen! This can be used as a replacement for Wool, or to craft an Atum Poppet.","x":109,"y":159,"icon":{"id":"atum:linen_white"},"prerequisites":["36606510-38ea-4085-97a2-52aca0add519"],"tasks":[{"type":"DETECT","items":[{"item":{"id":"atum:linen_white"},"required":3}]}],"reward":[{"id":"botania:dye","damage":12,"amount":2}],"commandrewards":[]},{"uuid":"59bbc339-563f-48f6-b3ad-9af10281da79","name":"Gold Umbergolem","description":"Please read the quest description of the Mud Umbergolem quest! The Gold Umbergolem is found in the South-Eastern corner of the Maze.","x":189,"y":45,"icon":{"id":"erebus:idols","damage":2},"prerequisites":["e12368c8-058e-441b-b597-3fbed8d4eea4"],"tasks":[{"type":"DETECT","items":[{"item":{"id":"erebus:idols","damage":2}}]}],"rewardchoice":[{"id":"minecraft:potion","nbt":"{Potion:\"cofhcore:swiftness3+\"}"},{"id":"minecraft:potion","nbt":"{Potion:\"cofhcore:regeneration3+\"}"}],"commandrewards":[]},{"uuid":"a0e3ad95-16ae-40fb-aec4-28c8eec63a9a","name":"Mud Umbergolem","description":"Find an Antlion Overlord Pyramid partially (or sometimes fully) hidden underground exclusively in Volcanic Desert biomes! Descend into the Maze sorrounding the Pyramid, and find the four Umbergolem Idol Guardians found in the farthest edges of the Maze! This quest is specifically for the Mud Umbergolem, found in the North-Western corner. Once defeated, pickup the Scarab they drop!","x":215,"y":91,"icon":{"id":"erebus:idols"},"prerequisites":["e12368c8-058e-441b-b597-3fbed8d4eea4"],"tasks":[{"type":"DETECT","items":[{"item":{"id":"erebus:idols"}}]}],"rewardchoice":[{"id":"minecraft:potion","nbt":"{Potion:\"cofhcore:swiftness3+\"}"},{"id":"minecraft:potion","nbt":"{Potion:\"cofhcore:regeneration3+\"}"}],"commandrewards":[]},{"uuid":"47e75659-73c6-4d2e-8426-e1996f9b4b86","name":"SPEEEEEEEEEEEEEEEED!!!","description":"Okay this block is ridicolous. This time it speeds up any entity to 10x base walking speed. It works even better for a mobfarm.\n\nOh, and the same mobs drop Supernatural Velocity wings as well.","x":267,"y":182,"icon":{"id":"erebus:lightning_speed_block"},"prerequisites":["97d9369a-26e9-49de-b1f9-86eadfd867ac"],"tasks":[{"type":"DETECT","items":[{"item":{"id":"erebus:materials","damage":13},"required":6},{"item":{"id":"erebus:lightning_speed_block"}}]}],"rewardchoice":[{"id":"erebus:velocity_block","amount":2},{"id":"erebus:lightning_speed_block"}],"commandrewards":[]},{"uuid":"92266b2d-7669-43d9-a64d-75368359426e","name":"Flax-ing my crops","description":"Obtain some Flax Seeds by either finding an Oasis and breaking the tall grass there, or finding some in a treasure chest!","x":108,"y":113,"icon":{"id":"atum:flax_seeds"},"prerequisites":["2a5f36e9-2fc4-48a5-863f-41b36e9c470b"],"tasks":[{"type":"DETECT","items":[{"item":{"id":"atum:flax_seeds"},"required":3}]}],"reward":[{"id":"minecraft:dye","damage":15,"amount":16}],"commandrewards":[]},{"uuid":"cd2cbde8-c263-4a4d-8217-45801f5c585b","name":"Manual labour","description":"Color your Ceramic Tile Blocks brown, then craft a Quern! To use it, place some items on it, then hold Right Click with an empty hand to crush the materials on top.","x":56,"y":160,"icon":{"id":"atum:quern"},"prerequisites":["e466878b-71fd-425e-b225-5fac29d0c83a"],"tasks":[{"type":"DETECT","items":[{"item":{"id":"atum:quern"}}]}],"rewardchoice":[{"id":"atum:redstone_ore","amount":14},{"id":"atum:lapis_ore","amount":14}],"commandrewards":[]},{"uuid":"dcb3d50c-f9f9-4379-bc56-a0796d10127a","name":"Tastier than Emmer-alds","description":"After you\u0027ve Right Clicked your Emmer Flour onto a Water source block to turn it into Emmer Dough, smelt it to get Emmer Bread!","x":69,"y":183,"icon":{"id":"atum:emmer_bread"},"prerequisites":["769053b2-d1f3-4944-9c88-91be47c02ee8"],"tasks":[{"type":"DETECT","items":[{"item":{"id":"atum:emmer_bread"}}]}],"reward":[{"id":"minecraft:emerald","amount":3,"nbt":"{display:{Lore:[\"Let\u0027s find it out...\"]}}"}],"commandrewards":[]},{"uuid":"d7cfb624-2aa1-45aa-896c-97a1561c25ca","name":"[ARTIFACTS] Armor Pieces","description":"Please read the Melee Artifact quest description. This quest is for Armor Artifacts!","x":94,"y":90,"icon":{"id":"atum:body_of_atum"},"prerequisites":["2a5f36e9-2fc4-48a5-863f-41b36e9c470b"],"tasks":[{"type":"DETECT","items":[{"item":{"id":"atum:body_of_atum"},"precision":"ORE_DICTIONARY"}]}],"reward":[{"id":"minecraft:splash_potion","nbt":"{Potion:\"cofhcore:healing4\"}"},{"id":"actuallyadditions:item_solidified_experience","amount":16}],"rewardchoice":[{"id":"minecraft:diamond","amount":8},{"id":"minecraft:glowstone","amount":16}],"commandrewards":[]},{"uuid":"798899d5-f201-49ad-af95-07d6dada1294","name":"Beacon v0.1","description":"Craft a Radiant Beacon! This block emits red light and is later used as an ingredient for an actual Beacon.","x":19,"y":64,"bigicon":true,"icon":{"id":"atum:radiant_beacon"},"prerequisites":["ad156f75-7db2-4003-ac5e-6ecc435ccd1f","24d2b76a-ec71-4d9d-8ff0-3f1ad6fe6f07"],"tasks":[{"type":"DETECT","items":[{"item":{"id":"atum:radiant_beacon"}}]}],"commandrewards":[]},{"uuid":"ae7f7a8a-dada-4644-ae25-ee9ffaa6fa0a","name":"Yummie","description":"Craft an Erebus Co. Smoothie-matic 2000! This machine is used to create smoothies with various magical effects (just like Potions).","x":228,"y":159,"icon":{"id":"erebus:smoothie_maker"},"prerequisites":["48cc4515-13f9-47d9-9ee1-58bc533b09da"],"tasks":[{"type":"DETECT","items":[{"item":{"id":"erebus:smoothie_maker"}}]}],"reward":[{"id":"minecraft:glass_bottle","amount":3},{"id":"erebus:materials","damage":59,"amount":12}],"commandrewards":[]},{"uuid":"6cfbc948-21fe-4761-9428-ae92914df2a5","name":"It\u0027s Frozen Macaroni!","description":"No it\u0027s not. But find some Amber scattered around in Erebus and mine it up!","x":268,"y":135,"icon":{"id":"erebus:amber"},"prerequisites":["e12368c8-058e-441b-b597-3fbed8d4eea4"],"tasks":[{"type":"DETECT","items":[{"item":{"id":"erebus:amber"},"required":16}]}],"reward":[{"id":"actuallyadditions:item_food","damage":6,"nbt":"{display:{Lore:[\"Even better than Macaroni!\"]}}"}],"commandrewards":[]}],"reputationBar":[]}