{"name":"Gadgets and Utility","description":" ","quests":[{"uuid":"bfc06075-a5e3-4ab1-a46a-e060a04a2ea2","name":"Unstable to Lunar","description":"Craft some Unstable Ingots and upgrade them immediately into some Moon Stones before they blow up! Make sure to have every material in your inventory, and do the second step of the crafting under 10 seconds, before the Unstable Ingots gets you.\n\nOr alternatively if you\u0027re rolling in Diamonds, you can spend 9 times the Diamond to craft Stable-\u0027Unstable\u0027 Nuggets and put them together into a Stable-\u0027Unstable\u0027 Ingot, which doesn\u0027t blow up, but can be used for crafting the same way.","x":115,"y":84,"icon":{"id":"extrautils2:ingredients","damage":5},"prerequisites":["d24db960-457d-4747-a118-b8ff3473e239"],"tasks":[{"type":"DETECT","items":[{"item":{"id":"extrautils2:ingredients","damage":5},"required":3}]}],"reward":[{"id":"extrautils2:unstableingots","damage":2,"amount":2}],"commandrewards":[]},{"uuid":"073fc468-11cc-4a1b-a45b-86075eca3b13","name":"Fill \u0027em with the smarts","description":"Craft an XP Bottler! This machine can fill up Empty Bottles with liquid experience pumped into it to create Bottles o\u0027 Enchanting. Everything can be automatically inserted and extracted.","x":144,"y":132,"icon":{"id":"openblocks:xp_bottler"},"prerequisites":["c4f94711-4fb9-478d-9c31-a4ced6fd730c","72e06df3-3d78-46c5-bc26-2641a08733b4"],"tasks":[{"type":"DETECT","items":[{"item":{"id":"openblocks:xp_bottler"}}]}],"reward":[{"id":"contenttweaker:open_ingot","amount":6},{"id":"minecraft:glass_bottle","amount":16}],"commandrewards":[]},{"uuid":"5f352786-46a0-4766-95e4-c8b8ae234f8f","name":"Enchant ALL the things!","description":"Craft an Auto Enchantment Table! You can automatically insert tools, armor or books inside to enchant them using liquid experience.","x":157,"y":107,"icon":{"id":"openblocks:auto_enchantment_table"},"prerequisites":["72e06df3-3d78-46c5-bc26-2641a08733b4"],"tasks":[{"type":"DETECT","items":[{"item":{"id":"openblocks:auto_enchantment_table"}}]}],"rewardchoice":[{"id":"contenttweaker:open_ingot","amount":10},{"id":"extrautils2:decorativesolidwood","damage":1,"amount":6}],"commandrewards":[]},{"uuid":"a11d477c-190a-4a19-b1f4-cf9ce26bd476","name":"Oof, it got overcooked","description":"Craft some Stoneburnt in your Resonator! Don\u0027t sniff it too much, it\u0027s got an awful smell...","x":46,"y":61,"icon":{"id":"extrautils2:decorativesolid","damage":3},"prerequisites":["20e1c55e-1367-4999-9606-526634cd272f"],"tasks":[{"type":"DETECT","items":[{"item":{"id":"extrautils2:decorativesolid","damage":3},"required":6}]}],"reward":[{"id":"extrautils2:decorativesolid","damage":2,"amount":8}],"commandrewards":[]},{"uuid":"986c5f99-a7cc-4327-bb3f-b747cc0c6e63","name":"Suck \u0027em all up, but better!","description":"Craft an Absorption Hopper! This functions very similarly to a Vacuum Hopper, except with range upgrades it can have WAAAY more range!","x":201,"y":84,"icon":{"id":"mob_grinding_utils:absorption_hopper"},"prerequisites":["33f22d78-3ea5-44be-bf80-bb46d36b80fc","de369000-3857-43ff-8435-7fe910be33d2"],"tasks":[{"type":"DETECT","items":[{"item":{"id":"mob_grinding_utils:absorption_hopper"}}]}],"reward":[{"id":"contenttweaker:mobgrindium_ingot","amount":8}],"commandrewards":[]},{"uuid":"71f1d8f8-d641-427f-a744-4ea0a59b57c3","name":"If you\u0027re not a Fan-fan...","description":"An alternative way of moving mobs besides Fans are regular old Conveyor Belts! Mobs CAN spawn on these blocks, so if you want to, you can build your entire mob spawning platform out of these. However, I\u0027d just use them sparingly since Cursed Earth and Mob Fans are way better.","x":173,"y":85,"icon":{"id":"mob_grinding_utils:entity_conveyor"},"prerequisites":["de369000-3857-43ff-8435-7fe910be33d2"],"tasks":[{"type":"DETECT","items":[{"item":{"id":"mob_grinding_utils:entity_conveyor"},"required":5}]}],"reward":[{"id":"contenttweaker:treated_leather","amount":12}],"commandrewards":[]},{"uuid":"9ab4f19d-68b7-4540-bc9d-b10ee01b64da","name":"The Shining all over again","description":"\"Here is Goldey!\"\n\nUpgrade your Iron Spikes into Golden Ones. These might not deal as much damage, however anything killed by them drop experience!","x":46,"y":155,"icon":{"id":"extrautils2:spike_gold"},"prerequisites":["39ee28e9-1fa5-4bee-a7e1-213b2be33210"],"tasks":[{"type":"DETECT","items":[{"item":{"id":"extrautils2:spike_gold"},"required":3}]}],"rewardchoice":[{"id":"minecraft:gold_ingot","amount":20},{"id":"minecraft:diamond","amount":8}],"commandrewards":[]},{"uuid":"52758419-1df3-45e1-a155-f6aed085f38d","name":"I want my fluids HERE!","description":"Craft a Transfer Node for Fluids! Similarly to its Item transferring variant, this one is also highly upgradable and filterable.","x":201,"y":37,"icon":{"id":"extrautils2:grocket","damage":2},"prerequisites":["70ad6960-605a-413f-950f-ba0710c13ac7"],"tasks":[{"type":"DETECT","items":[{"item":{"id":"extrautils2:grocket","damage":2}}]}],"reward":[{"id":"extrautils2:grocket","damage":4}],"commandrewards":[]},{"uuid":"de106a21-d554-4cc5-9d22-01c2a43ca9f2","name":"Drink it and turn smart","description":"Use your Bottling Machine to fill Empty Bottles into Bottles o\u0027 Enchanting!","x":145,"y":179,"icon":{"id":"minecraft:experience_bottle"},"prerequisites":["073fc468-11cc-4a1b-a45b-86075eca3b13"],"tasks":[{"type":"DETECT","items":[{"item":{"id":"minecraft:experience_bottle"},"required":16}]}],"reward":[{"id":"actuallyadditions:item_solidified_experience","amount":64}],"commandrewards":[]},{"uuid":"536ae706-684e-49b1-8561-3787be53c028","name":"Smite with Thor\u0027s thunder!","description":"Craft some Mob Masher Smite Upgrades. You can insert at most 10 of these in the machine. This will make the Masher stronger against undead foes like Zombies and Skeletons.","x":271,"y":108,"icon":{"id":"mob_grinding_utils:saw_upgrade","damage":3},"prerequisites":["ebfad98e-0b83-43d2-af68-dc7691900c9f"],"tasks":[{"type":"DETECT","items":[{"item":{"id":"mob_grinding_utils:saw_upgrade","damage":3},"required":3}]}],"reward":[{"id":"contenttweaker:mobgrindium_ingot","amount":4}],"commandrewards":[]},{"uuid":"af1ec83e-782d-4a17-9eec-623e47fa3f27","name":"The little devil inside","description":"Surround Lava on all 4 sides with Nether Bricks, then throw in some Gold Ingots to create some Demon Ingots. Alloy it with Lunar Reactive Dust to create Demonlord Ingots!","x":101,"y":61,"icon":{"id":"contenttweaker:demonlord_ingot"},"prerequisites":["d24db960-457d-4747-a118-b8ff3473e239"],"tasks":[{"type":"DETECT","items":[{"item":{"id":"extrautils2:ingredients","damage":11},"required":3},{"item":{"id":"contenttweaker:demonlord_ingot"},"required":3}]}],"rewardchoice":[{"id":"minecraft:gold_ingot","amount":12},{"id":"minecraft:dye","damage":4,"amount":20}],"commandrewards":[]},{"uuid":"8f614678-2b6b-4e52-9cbe-23e8aef2f711","name":"Enchantin\u0027 away","description":"Craft an Extra Utilities Enchanter! This is another crafting mechanic in the mod. You\u0027ll need to setup bookshelves around it the same way you do for Enchantment Table, and power it with RF. You can upgrade it with Speed Upgrades and auto insert / extract items into / from it.","x":101,"y":108,"icon":{"id":"extrautils2:machine","nbt":"{Type:\"extrautils2:enchanter\"}"},"prerequisites":["8de79f34-3359-40cd-aae2-6b3009d13e08","bfc06075-a5e3-4ab1-a46a-e060a04a2ea2"],"tasks":[{"type":"DETECT","items":[{"item":{"id":"extrautils2:machine","nbt":"{Type:\"extrautils2:enchanter\"}"}}]}],"reward":[{"id":"extrautils2:ingredients","damage":3,"amount":6}],"commandrewards":[]},{"uuid":"e6a7c00f-fb40-45b6-92dd-17c87f482515","name":"Carved and swirly","description":"Use your Enchanter to make some Magical Wood! You might want to continously keep creating this for later use.","x":102,"y":154,"icon":{"id":"extrautils2:decorativesolidwood","damage":1},"prerequisites":["8f614678-2b6b-4e52-9cbe-23e8aef2f711"],"tasks":[{"type":"DETECT","items":[{"item":{"id":"extrautils2:decorativesolidwood","damage":1},"required":3}]}],"reward":[{"id":"minecraft:book","amount":12}],"commandrewards":[]},{"uuid":"5c0a4d01-2f8f-4a53-8e48-d4e6489c37fa","name":"I want my energy HERE!","description":"Craft a Transfer Node for Energy! Unlike its Item and Fluid variants, this one cannot be upgraded. It might still be better to use Immersive Engineering Wires at this stage (but not for long!).","x":230,"y":37,"icon":{"id":"extrautils2:grocket","damage":6},"prerequisites":["70ad6960-605a-413f-950f-ba0710c13ac7"],"tasks":[{"type":"DETECT","items":[{"item":{"id":"extrautils2:grocket","damage":6}}]}],"reward":[{"id":"projectred-core:resource_item","damage":103,"amount":10}],"commandrewards":[]},{"uuid":"ef3305a9-e858-4b20-96bf-3f8674530197","name":"More colors, the better","description":"Craft some RF Dust! This will only take 1 durability point from your Thermal Conductor Rod.","x":113,"y":176,"bigicon":true,"icon":{"id":"contenttweaker:rf_powder"},"prerequisites":["de106a21-d554-4cc5-9d22-01c2a43ca9f2","6e73498e-6c0a-4dad-9a6b-83db9f25761e"],"tasks":[{"type":"DETECT","items":[{"item":{"id":"contenttweaker:rf_powder"},"required":2}]}],"reward":[{"id":"contenttweaker:rf_powder","amount":4}],"commandrewards":[]},{"uuid":"20eda900-9702-4f6a-84d6-81b53e2c886a","name":"Crush them insects!","description":"Craft some Mob Masher Bane of Arthrodops Upgrades. You can insert at most 10 of these in the machine. This will make the Masher deal more damage against Arthropods like Spiders and Silverfish.","x":258,"y":131,"icon":{"id":"mob_grinding_utils:saw_upgrade","damage":4},"prerequisites":["ebfad98e-0b83-43d2-af68-dc7691900c9f"],"tasks":[{"type":"DETECT","items":[{"item":{"id":"mob_grinding_utils:saw_upgrade","damage":4},"required":3}]}],"reward":[{"id":"contenttweaker:mobgrindium_ingot","amount":4}],"commandrewards":[]},{"uuid":"959fb16c-c25a-4d8e-8029-e4fb9652d303","name":"Lot of manual work","description":"Craft a Manual Mill! While holding Right Click on it, you generate 15 GP (or Grid Power). This is a resource that doesn\u0027t need cables. Simply while you\u0027re generating X amount of GP, all your GP using machines will work granted you\u0027re using at most X amount of GP overall.","x":45,"y":15,"icon":{"id":"extrautils2:passivegenerator","damage":7},"prerequisites":["2e2d6db5-9158-4f95-8814-37fd9827420a"],"tasks":[{"type":"DETECT","items":[{"item":{"id":"extrautils2:passivegenerator","damage":7}}]}],"reward":[{"id":"extrautils2:decorativesolid","damage":2,"amount":4}],"commandrewards":[]},{"uuid":"70ad6960-605a-413f-950f-ba0710c13ac7","name":"Itty Bitty Reddy Gemmy","description":"Use your Resonator to create some Red Coal! Then use it to craft a Resonating Redstone Crystal!","x":59,"y":38,"icon":{"id":"extrautils2:ingredients"},"prerequisites":["20e1c55e-1367-4999-9606-526634cd272f","959fb16c-c25a-4d8e-8029-e4fb9652d303","871fffe7-6171-499f-af4c-bb1683085782"],"parentrequirement":2,"tasks":[{"type":"DETECT","items":[{"item":{"id":"extrautils2:ingredients"}}]}],"rewardchoice":[{"id":"minecraft:ender_pearl","amount":2},{"id":"minecraft:glowstone_dust","amount":18}],"commandrewards":[]},{"uuid":"d23ddcc9-8e3d-4b8a-b1e2-39724e7e9c06","name":"Fill it up!","description":"Craft a Stone Drum and upgrade it to an Iron Drum! It can hold 256 Buckets of any liquid, and you can Right Click on it to see how much is left. I would encourage you to set one up to feed Lava into your Smeltery.","x":129,"y":61,"icon":{"id":"extrautils2:drum","damage":1},"prerequisites":["bfc06075-a5e3-4ab1-a46a-e060a04a2ea2"],"tasks":[{"type":"DETECT","items":[{"item":{"id":"extrautils2:drum","damage":1}}]}],"reward":[{"id":"extrautils2:decorativesolid","damage":2,"amount":8},{"id":"minecraft:gold_ingot","amount":12}],"commandrewards":[]},{"uuid":"de369000-3857-43ff-8435-7fe910be33d2","name":"Dark hornes! Watch out!","description":"Alloy some Demonlord Ingots with some Gunpowder to obtain your first pieces of Mobgrindium Ingots! This is the gateway into Mob Grinding Utils.\n\nNote: If you\u0027re searching for Mob Grinding Utils in JEI, tpye @mob_grinding_utils.","x":186,"y":61,"icon":{"id":"contenttweaker:mobgrindium_ingot"},"prerequisites":["af1ec83e-782d-4a17-9eec-623e47fa3f27"],"tasks":[{"type":"DETECT","items":[{"item":{"id":"contenttweaker:mobgrindium_ingot"},"required":4}]}],"reward":[{"id":"minecraft:gunpowder","amount":12}],"commandrewards":[]},{"uuid":"ae40615f-128d-4e98-aab5-93ca9d73d134","name":"Better fluid storage","description":"Craft a Reinforced Large Drum! It can hold 4096 Buckets of any liquid! Wow!","x":156,"y":61,"icon":{"id":"extrautils2:drum","damage":2},"prerequisites":["d23ddcc9-8e3d-4b8a-b1e2-39724e7e9c06","af1ec83e-782d-4a17-9eec-623e47fa3f27"],"tasks":[{"type":"DETECT","items":[{"item":{"id":"extrautils2:drum","damage":2}}]}],"reward":[{"id":"contenttweaker:demonlord_ingot","amount":8}],"commandrewards":[]},{"uuid":"da028967-9931-49f8-8e1f-36de8a09c650","name":"3rd way to crush","description":"Craft an Extra Utilities Crusher! This is yet another way to turn your Ores and Ingots into Dust! It can be sped up by Extra Utilities Speed Upgrades to make it faster than the Immersive Engineering and Mekanism Crushers.","x":46,"y":108,"icon":{"id":"extrautils2:machine","nbt":"{Type:\"extrautils2:crusher\"}"},"prerequisites":["8de79f34-3359-40cd-aae2-6b3009d13e08"],"tasks":[{"type":"DETECT","items":[{"item":{"id":"extrautils2:machine","nbt":"{Type:\"extrautils2:crusher\"}"}}]}],"rewardchoice":[{"id":"minecraft:glowstone_dust","amount":16},{"id":"minecraft:quartz","amount":16}],"commandrewards":[]},{"uuid":"ebfad98e-0b83-43d2-af68-dc7691900c9f","name":"This is how Ketchup\u0027s made","description":"Craft a Mob Masher! To activate it, use a redstone signal. This is a highly-upgradable mob killing machine that drops experience after every mob. Route mobs from your farm here, I\u0027m sure they\u0027ll have a wonderful time!","x":229,"y":131,"icon":{"id":"mob_grinding_utils:saw"},"prerequisites":["de369000-3857-43ff-8435-7fe910be33d2","c4f94711-4fb9-478d-9c31-a4ced6fd730c"],"tasks":[{"type":"DETECT","items":[{"item":{"id":"mob_grinding_utils:saw"}}]}],"reward":[{"id":"minecraft:diamond","amount":16}],"commandrewards":[]},{"uuid":"b4a84847-2942-4d3c-9174-3fb3322550c6","name":"Lunar Larry","description":"Craft some Lunar Panels to be able to generate GP passively during the night!","x":99,"y":15,"icon":{"id":"extrautils2:passivegenerator","damage":1},"prerequisites":["d24db960-457d-4747-a118-b8ff3473e239"],"tasks":[{"type":"DETECT","items":[{"item":{"id":"extrautils2:passivegenerator","damage":1}}]}],"rewardchoice":[{"id":"minecraft:diamond","amount":4},{"id":"minecraft:glowstone_dust","amount":24}],"commandrewards":[]},{"uuid":"7c21a5d7-25de-45d9-9606-7ca19165a805","name":"Lava Lewi","description":"Craft a Lava Mill! This machine generates GP when and of its sides are touching lava blocks. Flowing Lava one block away from a source block generates the most GP. Having Lava on multiple sides doesn\u0027t increase the generation, but being in the Nether does slightly.\n\nThis generator has been buffed and generates 2x the normal amount.","x":87,"y":85,"icon":{"id":"extrautils2:passivegenerator","damage":2},"prerequisites":["70ad6960-605a-413f-950f-ba0710c13ac7"],"tasks":[{"type":"DETECT","items":[{"item":{"id":"extrautils2:passivegenerator","damage":2}}]}],"reward":[{"id":"contenttweaker:gp_powder","amount":4}],"commandrewards":[]},{"uuid":"d24db960-457d-4747-a118-b8ff3473e239","name":"Green Lapis to Pink Lapis","description":"Craft some Osglolapis and turn it into Lunar Reactive Dust in your Resonator!","x":86,"y":38,"icon":{"id":"extrautils2:ingredients","damage":3},"prerequisites":["20e1c55e-1367-4999-9606-526634cd272f"],"tasks":[{"type":"DETECT","items":[{"item":{"id":"extrautils2:ingredients","damage":3},"required":3}]}],"reward":[{"id":"plustic:osgloglasingot","amount":8}],"commandrewards":[]},{"uuid":"cb2606f5-01a0-45a1-8b74-a2c93a29167c","name":"Guillotines hurt","description":"Craft some Mob Masher Beheading Upgrades. You can insert at most 10 of these in the machine. This will make the Masher drop mobs Skulls way more frequently than they would normally drop. Only vanilla Skulls are available though.","x":202,"y":131,"icon":{"id":"mob_grinding_utils:saw_upgrade","damage":5},"prerequisites":["ebfad98e-0b83-43d2-af68-dc7691900c9f"],"tasks":[{"type":"DETECT","items":[{"item":{"id":"mob_grinding_utils:saw_upgrade","damage":5},"required":3}]}],"rewardchoice":[{"id":"minecraft:skull","damage":2,"amount":8},{"id":"minecraft:skull","damage":4,"amount":8}],"commandrewards":[]},{"uuid":"6ed2da85-cecb-46cd-ac23-8d8d64a26660","name":"Water Walter","description":"Craft a Water Mill! This machine generates GP passively when there is flowing water on any of its sides.\n\nThis generator has been nerfed, and generates 1/4x the normal amount.","x":73,"y":62,"icon":{"id":"extrautils2:passivegenerator","damage":3},"prerequisites":["70ad6960-605a-413f-950f-ba0710c13ac7"],"tasks":[{"type":"DETECT","items":[{"item":{"id":"extrautils2:passivegenerator","damage":3}}]}],"reward":[{"id":"contenttweaker:gp_powder","amount":4}],"commandrewards":[]},{"uuid":"2fba490d-6597-47c2-bc20-8632b1b9f177","name":"Blows like the Wind","description":"Craft an OpenBlocks Fan! When powered by redstone, it blows any entity away. Useful for a mob farm, although the Mob Fan is even better.","x":215,"y":107,"icon":{"id":"openblocks:fan"},"prerequisites":["72e06df3-3d78-46c5-bc26-2641a08733b4"],"tasks":[{"type":"DETECT","items":[{"item":{"id":"openblocks:fan"}}]}],"reward":[{"id":"contenttweaker:open_ingot","amount":3}],"commandrewards":[]},{"uuid":"33f22d78-3ea5-44be-bf80-bb46d36b80fc","name":"Suck \u0027em all up!","description":"Craft an Open Blocks Vacuum Hopper! This machine can suck up items and experience orbs from a range. You can also set output sides for each.","x":187,"y":108,"icon":{"id":"openblocks:vacuum_hopper"},"prerequisites":["72e06df3-3d78-46c5-bc26-2641a08733b4"],"tasks":[{"type":"DETECT","items":[{"item":{"id":"openblocks:vacuum_hopper"}}]}],"rewardchoice":[{"id":"minecraft:ender_pearl","amount":3},{"id":"contenttweaker:open_ingot","amount":6}],"commandrewards":[]},{"uuid":"f974e04b-8f1d-45fb-8958-c3e69cfc46da","name":"Craft of Evil","description":"Drops of Evil are no longer dropped by Wither Skeletons, they\u0027re instead crafted. So craft one! And use it to turn sorrounding Grass into Cursed Earth! This type of soil makes mobs spawn constantly, so it\u0027s perfect for a mob farm. Just watch out, don\u0027t let it burn.","x":216,"y":61,"icon":{"id":"extrautils2:ingredients","damage":10},"prerequisites":["de369000-3857-43ff-8435-7fe910be33d2"],"tasks":[{"type":"DETECT","items":[{"item":{"id":"extrautils2:ingredients","damage":10}}]}],"rewardchoice":[{"id":"minecraft:grass","amount":64},{"id":"minecraft:skull","damage":1}],"commandrewards":[]},{"uuid":"20e1c55e-1367-4999-9606-526634cd272f","name":"Vibrant and Bzooing","description":"Craft a Resonator! This is the most important Extra Utilities machine. You\u0027ll need GP Generating machines in order to use it. You might want to consider crafting multiple Resonators for automation.","x":31,"y":39,"icon":{"id":"extrautils2:resonator"},"prerequisites":["8165567e-6c4b-4ca2-aa87-abedbf1d896c"],"tasks":[{"type":"DETECT","items":[{"item":{"id":"extrautils2:resonator"}}]}],"reward":[{"id":"extrautils2:book"}],"commandrewards":[]},{"uuid":"871fffe7-6171-499f-af4c-bb1683085782","name":"Solar Sally","description":"Craft some Solar Panels! Simply placing one down will generate 1 GP in the daytime.","x":72,"y":15,"icon":{"id":"extrautils2:passivegenerator"},"prerequisites":["2e2d6db5-9158-4f95-8814-37fd9827420a"],"tasks":[{"type":"DETECT","items":[{"item":{"id":"extrautils2:passivegenerator"}}]}],"rewardchoice":[{"id":"enderio:item_alloy_ingot","damage":1,"amount":10},{"id":"enderio:item_alloy_endergy_ingot","damage":5,"amount":10}],"commandrewards":[]},{"uuid":"202aa36f-505b-41f7-be09-c5241f3d13bf","name":"Repair ALL the things!","description":"Craft an Auto Anvil! You can automatically insert tools \u0026 armor to repair  them using liquid experience.","x":159,"y":157,"icon":{"id":"openblocks:auto_anvil"},"prerequisites":["72e06df3-3d78-46c5-bc26-2641a08733b4"],"tasks":[{"type":"DETECT","items":[{"item":{"id":"openblocks:auto_anvil"}}]}],"reward":[{"id":"contenttweaker:open_ingot","amount":12}],"commandrewards":[]},{"uuid":"67f9be8d-245e-4fc7-8b60-e8ab495565b4","name":"Blow higher!","description":"Craft a Mob Fan Height Modifier! You can apply at most 3 of these to your Mob Fan.","x":274,"y":59,"icon":{"id":"mob_grinding_utils:fan_upgrade","damage":1},"prerequisites":["d1f926d0-7638-46df-8813-940f977329cd"],"tasks":[{"type":"DETECT","items":[{"item":{"id":"mob_grinding_utils:fan_upgrade","damage":1}}]}],"rewardchoice":[{"id":"projectred-core:resource_item","damage":103,"amount":8},{"id":"immersiveengineering:treated_wood","amount":32}],"commandrewards":[]},{"uuid":"9eadf231-bb2f-4aea-8f54-a4377bb1e243","name":"Blow farther!","description":"Craft some Mob Fan Distance Modifiers! You can apply at most 10 of these to your Mob Fan.","x":260,"y":36,"icon":{"id":"mob_grinding_utils:fan_upgrade","damage":2},"prerequisites":["d1f926d0-7638-46df-8813-940f977329cd"],"tasks":[{"type":"DETECT","items":[{"item":{"id":"mob_grinding_utils:fan_upgrade","damage":2},"required":3}]}],"reward":[{"id":"contenttweaker:mobgrindium_ingot","amount":4}],"commandrewards":[]},{"uuid":"8de79f34-3359-40cd-aae2-6b3009d13e08","name":"Harden up","description":"Craft an Extra Utilities Machine Block! This is the base for all Extra Utilities machines.","x":59,"y":84,"icon":{"id":"extrautils2:machine"},"prerequisites":["a11d477c-190a-4a19-b1f4-cf9ce26bd476"],"tasks":[{"type":"DETECT","items":[{"item":{"id":"extrautils2:machine"}}]}],"reward":[{"id":"mekanism:atomicalloy","amount":4}],"commandrewards":[]},{"uuid":"12c1749d-13da-4cd1-8b9c-b825a027cc99","name":"Sharp like Bisharp\u0027s horn","description":"Craft some Mob Masher Sharpness Upgrades. You can insert at most 10 of these in the machine. This will make the Masher generally deal more damage to all things.","x":243,"y":108,"icon":{"id":"mob_grinding_utils:saw_upgrade"},"prerequisites":["ebfad98e-0b83-43d2-af68-dc7691900c9f"],"tasks":[{"type":"DETECT","items":[{"item":{"id":"mob_grinding_utils:saw_upgrade"},"required":3}]}],"reward":[{"id":"minecraft:emerald","amount":16}],"commandrewards":[]},{"uuid":"6e73498e-6c0a-4dad-9a6b-83db9f25761e","name":"It\u0027s hot! It\u0027s hot!","description":"Craft a Thermal Conductor Rod! This item lets your craft RF Dust which ultimately lets you get into Thermal Expansion.","x":87,"y":178,"icon":{"id":"contenttweaker:thermal_conductor_rod"},"prerequisites":["c4f94711-4fb9-478d-9c31-a4ced6fd730c","e6a7c00f-fb40-45b6-92dd-17c87f482515"],"tasks":[{"type":"DETECT","items":[{"item":{"id":"contenttweaker:thermal_conductor_rod"}}]}],"reward":[{"id":"extrautils2:suncrystal","damage":250,"amount":3}],"commandrewards":[]},{"uuid":"f73c8da4-127f-43b9-8f84-15c916fb24ba","name":"I want my items HERE!","description":"Craft a Transfer Node for Items and a Transfer Pipe! This a highly upgradable and filterable item routing mechanism, that\u0027s definitely much better than Itemducts when fully upgraded. To do so, use Extra Utilities Speed and Stack Upgrades, or Filters.\n\nAnother advantage is that you can route items, fluids \u0026 energy all on the same singlular pipe. But of course, you\u0027ll have to filter on the recieving end.","x":172,"y":37,"icon":{"id":"extrautils2:grocket"},"prerequisites":["70ad6960-605a-413f-950f-ba0710c13ac7"],"tasks":[{"type":"DETECT","items":[{"item":{"id":"extrautils2:grocket"}},{"item":{"id":"extrautils2:pipe"}}]}],"reward":[{"id":"extrautils2:grocket","damage":3}],"commandrewards":[]},{"uuid":"c4f94711-4fb9-478d-9c31-a4ced6fd730c","name":"Power of the Sun","description":"Use materials from your Enchanter to create a Sun Crystal! Throw it on the ground for a while to fill it up with sunlight. Consider a way to automate this process for the future.","x":115,"y":131,"icon":{"id":"extrautils2:suncrystal"},"prerequisites":["8f614678-2b6b-4e52-9cbe-23e8aef2f711"],"tasks":[{"type":"DETECT","items":[{"item":{"id":"extrautils2:suncrystal"}}]}],"reward":[{"id":"extrautils2:ingredients","damage":12,"amount":8}],"commandrewards":[]},{"uuid":"7bd76270-1597-4155-b325-2bbcd35f53fb","name":"A cylinder! A sphere!","description":"Craft a Building Guide! This block can help you build nice geometric shapes. Use the arrows on top to swap between different shapes. Use the plus and minus signs on the sides to increase or decrease the side of your build. Then power it with a redstone signal to make ghost blocks appear.\n\nYou can also upgrade it into an Enhanced Building Guide to get some more available shapes.","x":130,"y":155,"icon":{"id":"openblocks:guide"},"prerequisites":["72e06df3-3d78-46c5-bc26-2641a08733b4"],"tasks":[{"type":"DETECT","items":[{"item":{"id":"openblocks:guide"}}]}],"rewardchoice":[{"id":"minecraft:glowstone_dust","amount":10},{"id":"contenttweaker:open_ingot","amount":6}],"commandrewards":[]},{"uuid":"a39b0e26-ea79-4466-9b57-aaa09a8b6307","name":"Winding Winston","description":"Make a Wind Mill! Tis machine passively generates GP if there is nothing blocking its northern and southern sides. It generates more in the rain.\n\nThis generator has been buffed and generates 2x the normal amount.","x":114,"y":38,"icon":{"id":"extrautils2:passivegenerator","damage":4},"prerequisites":["70ad6960-605a-413f-950f-ba0710c13ac7"],"tasks":[{"type":"DETECT","items":[{"item":{"id":"extrautils2:passivegenerator","damage":4}}]}],"reward":[{"id":"contenttweaker:gp_powder","amount":4}],"commandrewards":[]},{"uuid":"d6ee3479-ad71-4f33-a948-0f9931a10078","name":"Blow wider!","description":"Craft some Mob Fan Width Modifiers! These are likely the most useful upgrades, and you can apply at most 3 of these to your Mob Fan.","x":258,"y":85,"icon":{"id":"mob_grinding_utils:fan_upgrade"},"prerequisites":["d1f926d0-7638-46df-8813-940f977329cd"],"tasks":[{"type":"DETECT","items":[{"item":{"id":"mob_grinding_utils:fan_upgrade"},"required":3}]}],"rewardchoice":[{"id":"projectred-core:resource_item","damage":103,"amount":8},{"id":"immersiveengineering:treated_wood","amount":32}],"commandrewards":[]},{"uuid":"863974e2-d194-4674-b5e3-ec8ccc5cf6ec","name":"3rd way to smelt","description":"Yet another Furnace, eh? Well, this one can be pretty speedy with Extra Utilities Speed Upgrades!","x":73,"y":108,"icon":{"id":"extrautils2:machine","nbt":"{Type:\"extrautils2:furnace\"}"},"prerequisites":["8de79f34-3359-40cd-aae2-6b3009d13e08"],"tasks":[{"type":"DETECT","items":[{"item":{"id":"extrautils2:machine","nbt":"{Type:\"extrautils2:furnace\"}"}}]}],"rewardchoice":[{"id":"minecraft:glowstone_dust","amount":16},{"id":"minecraft:obsidian","amount":12}],"commandrewards":[]},{"uuid":"22d5d360-770b-4465-b119-8f348c841117","name":"Ultimate Velocity","description":"Craft at least one Ultimate Speed Upgrade. This makes machines even faster, and it can stack up to 64. You might need that speed for something in the lategame, but be aware that it\u0027ll use a lot of GP.","x":87,"y":131,"icon":{"id":"extrautils2:ingredients","damage":16},"prerequisites":["45c1c731-077a-429d-877e-defabcc054b5"],"tasks":[{"type":"DETECT","items":[{"item":{"id":"extrautils2:ingredients","damage":16}}]}],"reward":[{"id":"minecraft:nether_star"}],"commandrewards":[]},{"uuid":"39ee28e9-1fa5-4bee-a7e1-213b2be33210","name":"It steel hurts","description":"Craft some Wooden, Stone and finally Iron Spikes! This damages any mob standing on top of right besides it. Great for a mob farm!","x":74,"y":154,"icon":{"id":"extrautils2:spike_iron"},"prerequisites":["e6a7c00f-fb40-45b6-92dd-17c87f482515"],"tasks":[{"type":"DETECT","items":[{"item":{"id":"extrautils2:spike_iron"},"required":3}]}],"rewardchoice":[{"id":"contenttweaker:gp_powder","amount":6},{"id":"minecraft:iron_ore","amount":32}],"commandrewards":[]},{"uuid":"45c1c731-077a-429d-877e-defabcc054b5","name":"How fast can it go!?","description":"Craft at least one Magical Speed Upgrade! This makes machines even faster, and it can stack up to 16 instead of just 4. However, be aware that your machines will use even more GP when upgraded with higher-tier Speed Upgrades.","x":59,"y":131,"icon":{"id":"extrautils2:ingredients","damage":15},"prerequisites":["8f614678-2b6b-4e52-9cbe-23e8aef2f711","25ee5cba-b982-4226-98ea-4df4e5e735ff"],"tasks":[{"type":"DETECT","items":[{"item":{"id":"extrautils2:ingredients","damage":15}}]}],"reward":[{"id":"extrautils2:ingredients","damage":12,"amount":10}],"commandrewards":[]},{"uuid":"015a9200-16bf-4f57-baaf-38c60b9772a4","name":"Upgrading? Upgrading?","description":"Craft a couple Upgrade Bases! These can be crafted into Speed, Stack, and Mining Upgrades.","x":32,"y":85,"icon":{"id":"extrautils2:ingredients","damage":9},"prerequisites":["20e1c55e-1367-4999-9606-526634cd272f"],"tasks":[{"type":"DETECT","items":[{"item":{"id":"extrautils2:ingredients","damage":9},"required":3}]}],"rewardchoice":[{"id":"minecraft:redstone","amount":24},{"id":"mekanism:ingot","damage":1,"amount":16}],"commandrewards":[]},{"uuid":"7d200999-fdb5-4f55-aa0d-8a02faac2d92","name":"Glass that can\u0027t be Effed","description":"Craft some Ineffable and Dark Ineffable Glass. While players can, mobs can\u0027t travel through these blocks, which makes them useful for mob farm or mob spawner walls, as well as general base doors. The regular one does let light through, the dark one doesn\u0027t. So mobs will be able to spawn inside when you use the dark variants.","x":143,"y":84,"icon":{"id":"extrautils2:ineffableglass","damage":3},"prerequisites":["bfc06075-a5e3-4ab1-a46a-e060a04a2ea2"],"tasks":[{"type":"DETECT","items":[{"item":{"id":"extrautils2:ineffableglass","damage":2},"required":4},{"item":{"id":"extrautils2:ineffableglass","damage":3},"required":4}]}],"reward":[{"id":"extrautils2:ingredients","damage":5,"amount":3}],"commandrewards":[]},{"uuid":"395849b4-6523-4271-8084-395ace67abee","name":"Show them the Nether!","description":"Craft some Mob Masher Fire Aspect Upgrades. You can insert at most 10 of these in the machine. This will set all mobs on fire that are touched by the Masher. Perfect for Cooked Porkchops!","x":215,"y":154,"icon":{"id":"mob_grinding_utils:saw_upgrade","damage":2},"prerequisites":["ebfad98e-0b83-43d2-af68-dc7691900c9f"],"tasks":[{"type":"DETECT","items":[{"item":{"id":"mob_grinding_utils:saw_upgrade","damage":2},"required":3}]}],"reward":[{"id":"minecraft:blaze_rod","amount":12}],"commandrewards":[]},{"uuid":"d1f926d0-7638-46df-8813-940f977329cd","name":"Mobs aren\u0027t a Fan of this","description":"Upgrade your OpenBlocks Fan into a Mob Fan! When powered by redstone, this machine blows mobs with great strength, and it\u0027s the perfect way to move mobs off your spawning platform. Additionally, it\u0027s highly upgradable, and with max upgrades you\u0027ll surely only need at most one per platform.","x":245,"y":60,"icon":{"id":"mob_grinding_utils:fan"},"prerequisites":["de369000-3857-43ff-8435-7fe910be33d2","2fba490d-6597-47c2-bc20-8632b1b9f177"],"tasks":[{"type":"DETECT","items":[{"item":{"id":"mob_grinding_utils:fan"}}]}],"reward":[{"id":"contenttweaker:mobgrindium_ingot","amount":3}],"commandrewards":[]},{"uuid":"3a8b6a77-8281-4249-90fa-ae22be5de4c2","name":"Die!(monds)","description":"These fellahs deal a lot of damage...! So why not craft some?","x":61,"y":176,"icon":{"id":"extrautils2:spike_diamond"},"prerequisites":["9ab4f19d-68b7-4540-bc9d-b10ee01b64da"],"tasks":[{"type":"DETECT","items":[{"item":{"id":"extrautils2:spike_diamond"},"required":3}]}],"reward":[{"id":"contenttweaker:osglolapis","amount":20}],"commandrewards":[]},{"uuid":"16084bd3-69ba-457f-93f8-c426594c2b7a","name":"Fiery Fred","description":"Craft a Fire Mill! This machine generates GP passively while over an active Fire block. Use Netherrack below.\n\nThis generator has been buffed and it generates 4x the normal amount.","x":142,"y":37,"icon":{"id":"extrautils2:passivegenerator","damage":5},"prerequisites":["70ad6960-605a-413f-950f-ba0710c13ac7"],"tasks":[{"type":"DETECT","items":[{"item":{"id":"extrautils2:passivegenerator","damage":5}}]}],"reward":[{"id":"contenttweaker:gp_powder","amount":4}],"commandrewards":[]},{"uuid":"25ee5cba-b982-4226-98ea-4df4e5e735ff","name":"Getting faster","description":"Craft a couple Seed Upgrades, and one Stack \u0026 Mining Upgrade.\n\n- Speed Upgrades increase a machine\u0027s speed or a Transfer Node\u0027s transfer rate.\n- One Stack Upgrade makes it so the Transfer Node sends a stack of items at once, instead of individual ones.\n- The Mining Upgrade is similar to the 1.7 World Interaction Upgrade. It mines Cobblestone when placed inside a Transfer Node which is over a full block with Water and Lava source blocks on the side.","x":32,"y":131,"icon":{"id":"extrautils2:ingredients","damage":6},"prerequisites":["015a9200-16bf-4f57-baaf-38c60b9772a4"],"tasks":[{"type":"DETECT","items":[{"item":{"id":"extrautils2:ingredients","damage":6},"required":3},{"item":{"id":"extrautils2:ingredients","damage":7}},{"item":{"id":"extrautils2:ingredients","damage":8}}]}],"rewardchoice":[{"id":"thermalfoundation:material","damage":130,"amount":24},{"id":"minecraft:gold_ingot","amount":24}],"commandrewards":[]},{"uuid":"145fb1ff-1c51-4ebf-9021-ce572ae0852e","name":"Don\u0027t leave any items floatin\u0027","description":"Craft a couple Absorption Range Upgrades to increase the range of your Absorption Hopper! You can use at most 6 of these.","x":231,"y":84,"icon":{"id":"mob_grinding_utils:absorption_upgrade"},"prerequisites":["986c5f99-a7cc-4327-bb3f-b747cc0c6e63"],"tasks":[{"type":"DETECT","items":[{"item":{"id":"mob_grinding_utils:absorption_upgrade"},"required":3}]}],"reward":[{"id":"minecraft:ender_pearl","amount":5}],"commandrewards":[]},{"uuid":"72e06df3-3d78-46c5-bc26-2641a08733b4","name":"Nice, in my Open-ion","description":"Craft some Open Ingots! These are used in a number of Open Blocks machines.","x":130,"y":107,"icon":{"id":"contenttweaker:open_ingot"},"prerequisites":["af1ec83e-782d-4a17-9eec-623e47fa3f27"],"tasks":[{"type":"DETECT","items":[{"item":{"id":"contenttweaker:open_ingot"},"required":4}]}],"reward":[{"id":"openblocks:info_book"}],"rewardchoice":[{"id":"mekanism:ingot","damage":1,"amount":16},{"id":"minecraft:glowstone_dust","amount":16},{"id":"minecraft:obsidian","amount":16}],"commandrewards":[]},{"uuid":"7c2861da-4fb9-49ea-bf9a-03db9439e524","name":"It\u0027s your Lucky Day!","description":"Craft some Mob Masher Looting Upgrades. You can insert at most 10 of these in the machine. This will make the Masher drop more loot.","x":243,"y":155,"icon":{"id":"mob_grinding_utils:saw_upgrade","damage":1},"prerequisites":["ebfad98e-0b83-43d2-af68-dc7691900c9f"],"tasks":[{"type":"DETECT","items":[{"item":{"id":"mob_grinding_utils:saw_upgrade","damage":1},"required":3}]}],"rewardchoice":[{"id":"aether_legacy:aechor_petal","amount":4},{"id":"aether_legacy:skyroot_bucket","damage":2,"amount":4}],"commandrewards":[]}],"reputationBar":[]}