{"name":"Immerse Yourself","description":" ","quests":[{"uuid":"b1252241-c1ba-4d0b-b57c-1c698a3d727d","name":"Charizard is this type","description":"FIIIREEEE!!!","x":56,"y":111,"icon":{"id":"minecraft:flint_and_steel"},"prerequisites":["1969bd6e-42bb-4a39-b916-3097607692d1"],"tasks":[{"type":"DETECT","items":[{"item":{"id":"minecraft:flint_and_steel"}}]}],"reward":[{"id":"thermalfoundation:material","damage":160,"amount":3}],"commandrewards":[]},{"uuid":"01a59ab3-9c2a-42de-b800-5f8e0127b8cb","name":"I CAN BARELY HEAR YOU!!!","description":"Craft the required components for the Diesel Generator! This is a great source of energy when Biodiesel is fully automated. You can easily run a medium sized ME System with a couple Biodiesel Generators.\n\nCheck your Engineer\u0027s Manual -\u003e Powers, Wires, Generators -\u003e Diesel Generator to see how to create the multiblock. To form it, click on the central Generator Block.\n\nTo provide it with fuel, place a Biodiesel Tank or Fluid Pipes pushing into the front corner. Then connect some Wires to one of the 3 connectors on the top. This will distribute 4096 IF/tick between all connectors. Once you\u0027ve routed the power, you\u0027ll notice that THE MACHINE IS INCREDIBLY LOUD AND OH MY GOSH I CAN\u0027T HEAR MY FOOTSTEPS AND IT\u0027S NOT EVEN POSSIBLE TO MUFFLE IT WITH EXTRA UTILITIES SOUND MUFFLERS, AND I WISH I HAD BUILT IT FARTHER AWAY FROM MY BASE, TIME TO TEAR IT DOWN.","x":194,"y":179,"icon":{"id":"immersiveengineering:metal_multiblock","damage":10},"prerequisites":["6e1b6dbc-b912-4f97-9305-520a473a96b3","3b8a1b48-8019-41d6-a201-72ef0cc2e5f2"],"tasks":[{"type":"DETECT","items":[{"item":{"id":"immersiveengineering:metal_decoration1","damage":1},"required":6},{"item":{"id":"immersiveengineering:metal_device1","damage":6},"required":5},{"item":{"id":"immersiveengineering:metal_decoration0","damage":3}},{"item":{"id":"immersiveengineering:metal_decoration0","damage":5},"required":13},{"item":{"id":"immersiveengineering:metal_decoration0","damage":6},"required":4},{"item":{"id":"immersiveengineering:metal_decoration0","damage":7},"required":9}]}],"reward":[{"id":"minecraft:iron_ore","amount":16}],"rewardchoice":[{"id":"enderio:block_tank","nbt":"{BlockEntityTag:{voidMode:2,outputQueue:{size:0},facing:5,inventory:{size:5,4+:1b,3+:1b,2+:1b,1+:1b,0+:1b},paintSource-:1b,faceModes-:1b,owner.uuid:\"06056b62-0756-4759-bd14-09e8cb079ad1\",owner.login:\"Atricos\",ForgeCaps:{\"abyssalcraft:itemtransfer\":{isRunning:0b,configurations:[]}},id:\"enderio:tile_tank\",tank:{FluidName:\"ethanol\",Capacity:16000,Amount:16000},redstoneCheckPassed:1b,redstoneControlMode:0},display:{Lore:[\"(+NBT)\"]},\"enderio:data\":{faceModes-:1b,voidMode:2,outputQueue:{size:0},tank:{FluidName:\"ethanol\",Capacity:16000,Amount:16000},inventory:{size:5,4+:1b,3+:1b,2+:1b,1+:1b,0+:1b},redstoneControlMode:0}}"},{"id":"enderio:block_tank","nbt":"{BlockEntityTag:{voidMode:2,outputQueue:{size:0},facing:5,inventory:{size:5,4+:1b,3+:1b,2+:1b,1+:1b,0+:1b},paintSource-:1b,faceModes-:1b,owner.uuid:\"06056b62-0756-4759-bd14-09e8cb079ad1\",owner.login:\"Atricos\",ForgeCaps:{\"abyssalcraft:itemtransfer\":{isRunning:0b,configurations:[]}},id:\"enderio:tile_tank\",tank:{FluidName:\"seed_oil\",Capacity:16000,Amount:16000},redstoneCheckPassed:1b,redstoneControlMode:0},display:{Lore:[\"(+NBT)\"]},\"enderio:data\":{faceModes-:1b,voidMode:2,outputQueue:{size:0},tank:{FluidName:\"seed_oil\",Capacity:16000,Amount:16000},inventory:{size:5,4+:1b,3+:1b,2+:1b,1+:1b,0+:1b},redstoneControlMode:0}}"}],"commandrewards":[]},{"uuid":"4feec9c1-86cf-4411-8c5b-ed61d2dbcf92","name":"Imma chargin\u0027 my ITEEEM!!!","description":"Craft a Charging Station! Apply power to it from either the bottom or the back side. You can Right Click chargable items into the Charging Station to fill them with energy! Right Click again to remove.","x":42,"y":179,"icon":{"id":"immersiveengineering:metal_device1","damage":5},"prerequisites":["e374c663-ceaf-4a09-a943-f77cb48a1cf3"],"tasks":[{"type":"DETECT","items":[{"item":{"id":"immersiveengineering:metal_device1","damage":5}}]}],"commandrewards":[]},{"uuid":"29b42b73-2625-4c6b-858d-dbfc0becc017","name":"Smells organic","description":"Create your first Bucket of Plant Oil by Squeezing some Seeds! This is one half of the ingredients of Biodiesel.","x":181,"y":156,"icon":{"id":"forge:bucketfilled","nbt":"{FluidName:\"plantoil\",Amount:1000}"},"prerequisites":["2e0b9665-cf57-43b6-b4bf-7f5e34f24e04"],"tasks":[{"type":"DETECT","items":[{"item":{"id":"forge:bucketfilled","nbt":"{FluidName:\"plantoil\",Amount:1000}"}}]}],"reward":[{"id":"minecraft:iron_ore","amount":8}],"commandrewards":[]},{"uuid":"2a898ab4-6c4f-471c-a4df-71c734e5779b","name":"Finally... POWAH!!","description":"Craft a Kinetic Dynamo. By attaching Water Wheels or Windmills to it you can generate some IF Power! (which converts to RF with a 1 to 1 scale). You can  attach up to 3 Water Wheels to a side, but only 1 Windmill. ","x":84,"y":110,"icon":{"id":"immersiveengineering:metal_device1","damage":2},"prerequisites":["1969bd6e-42bb-4a39-b916-3097607692d1","e374c663-ceaf-4a09-a943-f77cb48a1cf3"],"tasks":[{"type":"DETECT","items":[{"item":{"id":"immersiveengineering:metal_device1","damage":2}}]}],"reward":[{"id":"immersiveengineering:tool","damage":2}],"commandrewards":[]},{"uuid":"f1cd2fcd-0322-4c07-a82a-9e589745c21b","name":"Automate all the things!","description":"Like the Engineer\u0027s Workbench! So craft the required components for one (though you might want to craft more, for different Blueprints and outputs), and check your Engineer\u0027s Manual -\u003e Simple Machines -\u003e Automated Workbench on how to create the multiblock. To form it, click on the slab closer to the center from the side. Now you can input a Blueprint, and select the item you wish to craft. Item input is on the back (where the conveyors are running from, you\u0027ll need to use a Hopper or push items into it), output is on the front (where the conveyors are running to).","x":210,"y":15,"icon":{"id":"immersiveengineering:metal_multiblock","damage":5},"prerequisites":["942ddecf-40cb-48a8-823b-b23c3d65073b"],"tasks":[{"type":"DETECT","items":[{"item":{"id":"immersiveengineering:metal_decoration1","damage":1},"required":5},{"item":{"id":"immersiveengineering:treated_wood_slab"},"required":2,"precision":"FUZZY"},{"item":{"id":"immersiveengineering:metal_decoration0","damage":3}},{"item":{"id":"immersiveengineering:metal_decoration0","damage":4},"required":4},{"item":{"id":"immersiveengineering:metal_decoration0","damage":5},"required":2},{"item":{"id":"immersiveengineering:conveyor","nbt":"{conveyorType:\"immersiveengineering:conveyor\"}"},"required":4,"precision":"NBT_FUZZY"}]}],"reward":[{"id":"thermalfoundation:material","damage":160,"amount":10}],"rewardchoice":[{"id":"immersiveengineering:blueprint","nbt":"{blueprint:\"bullet\"}"},{"id":"immersiveengineering:blueprint","nbt":"{blueprint:\"specialBullet\"}"}],"commandrewards":[]},{"uuid":"510c230e-c1e7-4d68-9b82-1d37895355e7","name":"Pressing Matters","description":"Craft the required materials for a Metal Press. Then check your Engineer\u0027s Manual on Heavy Machinery -\u003e Metal Press to find out how to construct it. Once you\u0027ve placed down the blocks, right click on the central Piston to form the Multiblock! You can also rotate the Piston with your Engineer\u0027s Hammer to make it face down.\n\nOnce formed, Right Click on the face of the Press with a Mold! Provide Power from the top using a Wire Connector, provide inputs from a Chest or Conveyor Belt on the front, and obtain outputs from the back!\n\nPlates, Rods and Wires crafted through the Metal Press are half as expensive as crafting them in the Crafting Table.","x":139,"y":63,"icon":{"id":"immersiveengineering:metal_multiblock"},"prerequisites":["1969bd6e-42bb-4a39-b916-3097607692d1","dfa0ba43-0e47-4be0-8d7c-741dfeb149a4"],"tasks":[{"type":"DETECT","items":[{"item":{"id":"immersiveengineering:metal_decoration1","damage":1},"required":2},{"item":{"id":"immersiveengineering:metal_decoration0","damage":3}},{"item":{"id":"minecraft:piston"}},{"item":{"id":"immersiveengineering:conveyor","nbt":"{conveyorType:\"immersiveengineering:conveyor\"}"},"required":2},{"item":{"id":"immersiveengineering:metal_decoration0","damage":5}}]}],"reward":[{"id":"thermalfoundation:material","damage":160,"amount":6},{"id":"thermalfoundation:material","damage":161,"amount":6}],"rewardchoice":[{"id":"minecraft:iron_ingot","amount":6},{"id":"thermalfoundation:material","damage":128,"amount":6}],"commandrewards":[]},{"uuid":"5a07d029-a3e7-4d6f-8e9b-e122636adcfb","name":"Into Applied Energistics!","description":"Craft a set of Energized Certus Quartz Crystals to unlock Applied Energistics 2!","x":263,"y":176,"bigicon":true,"icon":{"id":"contenttweaker:energized_certus_quartz_crystal"},"prerequisites":["6e1b6dbc-b912-4f97-9305-520a473a96b3"],"tasks":[{"type":"DETECT","items":[{"item":{"id":"contenttweaker:energized_certus_quartz_crystal"},"required":8}]}],"reward":[{"id":"appliedenergistics2:material","amount":16}],"rewardchoice":[{"id":"appliedenergistics2:certus_quartz_wrench"},{"id":"appliedenergistics2:nether_quartz_wrench"}],"commandrewards":[]},{"uuid":"6d523b89-94ec-4399-acb8-f2daa074c3b6","name":"Way too OP","description":"Use your Industrial Slimeballs to craft a pair of Slime Boots and a Slimesling!","x":265,"y":62,"icon":{"id":"tconstruct:slimesling"},"prerequisites":["95727341-4c41-4635-b8ff-6a85d2477fbe"],"tasks":[{"type":"DETECT","items":[{"item":{"id":"tconstruct:slime_boots"},"precision":"FUZZY"},{"item":{"id":"tconstruct:slimesling"},"precision":"FUZZY"}]}],"reward":[{"id":"minecraft:potion","amount":3,"nbt":"{Potion:\"cofhcore:leaping4\"}"}],"commandrewards":[]},{"uuid":"751bd62a-ff5d-4621-b5ce-d691e540a446","name":"Is this how vine is made?","description":"Craft the required components for a Fermenter! Check your Engineer\u0027s Manual on how the multiblock is formed at Heavy Machinery -\u003e Fermenter.\n\nTo form the multiblock, click on the central Cauldron from the side. Once formed, Item Input will be on the back or side (blue dots, use Hoppers or push items with Itemducts and Servos) and Fluid output will be on the lower front (orange dot). Of course you\u0027ll need to provide power for the machine through the orange dot on the back (facing up).","x":70,"y":133,"icon":{"id":"immersiveengineering:metal_multiblock","damage":8},"prerequisites":["2a898ab4-6c4f-471c-a4df-71c734e5779b"],"tasks":[{"type":"DETECT","items":[{"item":{"id":"immersiveengineering:metal_decoration1","damage":1},"required":6},{"item":{"id":"immersiveengineering:metal_device1","damage":6},"required":2},{"item":{"id":"immersiveengineering:metal_decoration0","damage":3}},{"item":{"id":"immersiveengineering:metal_decoration0","damage":4},"required":2},{"item":{"id":"minecraft:cauldron"},"required":4},{"item":{"id":"immersiveengineering:sheetmetal","damage":9},"required":4}]}],"reward":[{"id":"minecraft:iron_ore","amount":24}],"commandrewards":[]},{"uuid":"13f9a1da-5d63-4e7b-91f0-c1d2c0a4f825","name":"Did you treat your wood well?","description":"Use Creosote Oil and Planks to obtain Treated Wood! Later you\u0027ll be able to use a Fluid Transposer to automate the process.","x":98,"y":40,"icon":{"id":"immersiveengineering:treated_wood"},"prerequisites":["cbb9dc19-f80f-4c2a-a228-8509bdae877d"],"tasks":[{"type":"DETECT","items":[{"item":{"id":"immersiveengineering:treated_wood"},"required":8}]}],"reward":[{"id":"microblockcbe:saw_diamond"}],"commandrewards":[]},{"uuid":"2e0b9665-cf57-43b6-b4bf-7f5e34f24e04","name":"Beep-Boop, Sqee-Sqoo!","description":"Craft the required components for a Sqeezer! Check your Engineer\u0027s Manual -\u003e Heavy Machinery -\u003e Squeezer on how it\u0027s formed. Then click on the central Barrel from the side to complete the multiblock!\n\nPower\u0027s supplied from the top through the orange dot. Input items from the back through the blue dots (use Hoppers or push item with Item Ducts and Servos), and output Fluids on the lower front, Items on the upper front.","x":195,"y":133,"icon":{"id":"immersiveengineering:metal_multiblock","damage":7},"prerequisites":["9590dbd5-a91c-4cd4-a887-20e2d1304a80"],"tasks":[{"type":"DETECT","items":[{"item":{"id":"immersiveengineering:metal_decoration1","damage":1},"required":6},{"item":{"id":"immersiveengineering:metal_device1","damage":6},"required":2},{"item":{"id":"immersiveengineering:metal_decoration0","damage":3}},{"item":{"id":"immersiveengineering:metal_decoration0","damage":4},"required":2},{"item":{"id":"immersiveengineering:wooden_device0","damage":1}},{"item":{"id":"minecraft:piston"}},{"item":{"id":"immersiveengineering:metal_decoration1"},"required":3}]}],"reward":[{"id":"thermalfoundation:ore","damage":5,"amount":16}],"rewardchoice":[{"id":"minecraft:iron_ore","amount":12},{"id":"thermalfoundation:ore","amount":12}],"commandrewards":[]},{"uuid":"c3637626-1bbe-45af-b777-1fad43fe506f","name":"Rate(-iator) this block","description":"Craft 3 Radiator Blocks! It\u0027s used as Machine Components and it\u0027s quite a pretty building block with connected textures. I\u0027d rate at least 9/10.","x":251,"y":134,"icon":{"id":"immersiveengineering:metal_decoration0","damage":7},"prerequisites":["3b8a1b48-8019-41d6-a201-72ef0cc2e5f2"],"tasks":[{"type":"DETECT","items":[{"item":{"id":"immersiveengineering:metal_decoration0","damage":7},"required":3}]}],"rewardchoice":[{"id":"minecraft:iron_block","amount":5},{"id":"thermalfoundation:storage","amount":5}],"commandrewards":[]},{"uuid":"a2a90e88-15cf-4ba8-9619-9c0463690113","name":"Snippidy-snap!","description":"Craft an Engineer\u0027s Wire Cutter! This is a handy tool that allows you to disconnect wires without having to break the Connectors. You have no idea how much time you can save with it!","x":26,"y":111,"icon":{"id":"immersiveengineering:tool","damage":1},"prerequisites":["e374c663-ceaf-4a09-a943-f77cb48a1cf3","9cad8ec5-82c4-4c18-b561-0257a39aca41","2a898ab4-6c4f-471c-a4df-71c734e5779b"],"tasks":[{"type":"DETECT","items":[{"item":{"id":"immersiveengineering:tool","damage":1}}]}],"reward":[{"id":"immersiveengineering:wooden_device1","damage":3,"amount":2}],"rewardchoice":[{"id":"immersiveengineering:wooden_device1","damage":4,"amount":2},{"id":"immersiveengineering:metal_decoration2","damage":3,"amount":2},{"id":"immersiveengineering:metal_decoration2","damage":1,"amount":2}],"commandrewards":[]},{"uuid":"a149d6af-9059-4a2a-851e-2a50e228b752","name":"Bad smelling alcohol thingy","description":"Use your Fermenter to create your first Bucket of Ethanol! This is one half of the ingredients of Biodiesel.","x":83,"y":156,"icon":{"id":"forge:bucketfilled","nbt":"{FluidName:\"ethanol\",Amount:1000}"},"prerequisites":["751bd62a-ff5d-4621-b5ce-d691e540a446"],"tasks":[{"type":"DETECT","items":[{"item":{"id":"forge:bucketfilled","nbt":"{FluidName:\"ethanol\",Amount:1000}"}}]}],"reward":[{"id":"minecraft:iron_ore","amount":8}],"commandrewards":[]},{"uuid":"1969bd6e-42bb-4a39-b916-3097607692d1","name":"Steel, yo!","description":"Use your Coke Oven to create Coal Coke, then feed it and Iron Ingots into your Blast Furnace, to create a couple pieces of Steel Ingots!","x":55,"y":63,"icon":{"id":"thermalfoundation:material","damage":160},"prerequisites":["cbb9dc19-f80f-4c2a-a228-8509bdae877d","3693daf7-c538-4da3-b715-0fc24ed843be"],"tasks":[{"type":"DETECT","items":[{"item":{"id":"thermalfoundation:material","damage":160},"required":4}]}],"rewardchoice":[{"id":"thermalfoundation:ore","damage":1,"amount":10},{"id":"minecraft:gold_ore","amount":8}],"commandrewards":[]},{"uuid":"c4603bf4-7ad9-46a5-91db-0d358b75d6d0","name":"Facilitate and capacitate","description":"Craft an HV Capacitor. It can hold 4,000,000 IF.","x":251,"y":38,"icon":{"id":"immersiveengineering:metal_device0","damage":2},"prerequisites":["942ddecf-40cb-48a8-823b-b23c3d65073b"],"tasks":[{"type":"DETECT","items":[{"item":{"id":"immersiveengineering:metal_device0","damage":2}}]}],"reward":[{"id":"immersiveengineering:connector","damage":8}],"commandrewards":[]},{"uuid":"7cadf8af-064f-412d-bd25-6dee6d5d13d5","name":"Hot Stuff (and cold as well)","description":"Craft a Thermoelectric Generator! This is a compact machine that generates power when hot and cold liquids or solids are on opposite ends of it. For now the best type of fluids you can provide are Lava and Water, or alternatively you can replace the Water with Ice or Packed Ice. Later you can use Pyrotheum and Cryotheum for even more power. And while you\u0027re at it, why not use all 4 sides of the generator for twice as much power generation!","x":195,"y":39,"icon":{"id":"immersiveengineering:metal_device1","damage":3},"prerequisites":["29e2994c-1104-4d2a-88b8-93b3a8e7c334"],"tasks":[{"type":"DETECT","items":[{"item":{"id":"immersiveengineering:metal_device1","damage":3}}]}],"reward":[{"id":"minecraft:packed_ice","amount":2}],"commandrewards":[]},{"uuid":"6e1b6dbc-b912-4f97-9305-520a473a96b3","name":"Too few fuel fumes","description":"Obtain your first Bucket of Biodiesel by combining Ethanol and Plant Oil in the Refinery!\n\nI highly recommend you to immediately start working on automating the entire Biodiesel generating process, as it\u0027s not only a great source of early-to-mid-game energy, but it\u0027s also heavily required for the upcoming Tech Mods!","x":126,"y":179,"icon":{"id":"forge:bucketfilled","nbt":"{FluidName:\"biodiesel\",Amount:1000}"},"prerequisites":["9b0188c3-9d1b-443f-b7bf-5914ec8dee24"],"tasks":[{"type":"DETECT","items":[{"item":{"id":"forge:bucketfilled","nbt":"{FluidName:\"biodiesel\",Amount:1000}"}}]}],"reward":[{"id":"extrautils2:drum","damage":1}],"commandrewards":[]},{"uuid":"22c9646a-8509-497d-a9f4-f66891f0859d","name":"Faster, FASTER!","description":"Craft 2 Blast Furnace Preheaters! Place them on both sides on your Improved Blast Furnace (make sure they connect, place them while facing the Blast Furnace)! When the Preheaters are provided with power (from the top), they will imrpove the production speed on the Imporoved Blast Furnace.","x":125,"y":134,"icon":{"id":"immersiveengineering:metal_device1"},"prerequisites":["d74d532c-4582-44cd-b7ad-54bbfcf1d1ff"],"tasks":[{"type":"DETECT","items":[{"item":{"id":"immersiveengineering:metal_device1"},"required":2}]}],"reward":[{"id":"minecraft:coal_block","amount":10}],"commandrewards":[]},{"uuid":"f67242e5-ad8e-45c9-82b2-049c541c36cb","name":"We Press On","description":"Craft a Blueprint for Metal Press Molds! JEI shows all Blueprint recipes, even if you only lookup one, so check which one you need.","x":84,"y":63,"icon":{"id":"immersiveengineering:blueprint","nbt":"{blueprint:\"molds\"}"},"prerequisites":["1969bd6e-42bb-4a39-b916-3097607692d1"],"tasks":[{"type":"DETECT","items":[{"item":{"id":"immersiveengineering:blueprint","nbt":"{blueprint:\"molds\"}"}}]}],"commandrewards":[]},{"uuid":"be38fc43-f13f-40f7-9d30-15b92664f677","name":"Crafticious Components","description":"Craft a Blueprint for Crafting Components! It like we\u0027re in a game of Mine...CRAFT, because you have to do these two things all the time...","x":112,"y":16,"icon":{"id":"immersiveengineering:blueprint","nbt":"{blueprint:\"components\"}"},"prerequisites":["93172519-5092-4ba7-9ea9-668e77c9b16d"],"tasks":[{"type":"DETECT","items":[{"item":{"id":"immersiveengineering:blueprint","nbt":"{blueprint:\"components\"}"}}]}],"reward":[{"id":"chiselsandbits:chisel_diamond"},{"id":"chiselsandbits:bit_bag","nbt":"{contents:[I;0,0,0,0,0,0,0,0,0,0,0,0,0,0,0,0,0,0,0,0,0,0,0,0,0,0,0,0,0,0,0,0,0,0,0,0,0,0,0,0,0,0,0,0,0,0,0,0,0,0,0,0,0,0,0,0,0,0,0,0,0,0,0,0,0,0,0,0,0,0,0,0,0,0,0,0,0,0,0,0,0,0,0,0,0,0,0,0,0,0,0,0,0,0,0,0,0,0,0,0,0,0,0,0,0,0,0,0,0,0,0,0,0,0,0,0,0,0,0,0,0,0,0,0,0,0]}"}],"commandrewards":[]},{"uuid":"dfa0ba43-0e47-4be0-8d7c-741dfeb149a4","name":"Don\u0027t let \u0027em roll away!","description":"Use the Engineer\u0027s Workbench with the Crafting Components Blueprint to create some Iron \u0026 Steel Mechanical Components!","x":139,"y":16,"icon":{"id":"immersiveengineering:material","damage":9},"prerequisites":["be38fc43-f13f-40f7-9d30-15b92664f677"],"tasks":[{"type":"DETECT","items":[{"item":{"id":"immersiveengineering:material","damage":8},"required":2},{"item":{"id":"immersiveengineering:material","damage":9},"required":2}]}],"reward":[{"id":"chiselsandbits:bitsaw_diamond"}],"rewardchoice":[{"id":"chiselsandbits:positiveprint"},{"id":"chiselsandbits:wrench_wood"}],"commandrewards":[]},{"uuid":"bc871176-2e7a-4fef-9f2b-dcf16b9fda13","name":"We\u0027ve been working for this","description":"Use your Arc Furnace to craft some Imdustrial Leather!","x":223,"y":87,"icon":{"id":"contenttweaker:industrial_leather"},"prerequisites":["f2083ac7-88fe-4821-b614-91b67c85c742"],"tasks":[{"type":"DETECT","items":[{"item":{"id":"contenttweaker:industrial_leather"},"required":4}]}],"rewardchoice":[{"id":"totemic:buffalo_items","amount":8},{"id":"natura:materials","damage":6,"amount":8}],"commandrewards":[]},{"uuid":"d74d532c-4582-44cd-b7ad-54bbfcf1d1ff","name":"Even more #BLASST","description":"Craft the components for an Imrpoved Blast Furnace! Set up the Reinforced Blast Bricks in a 3x3x3 cube, then place a Hopper on the top center. Right click on the central block on the side with your Engineer\u0027s Hammer to form the multiblock!\n\nYou can automatically import Iron Ingots, Coal Coke through yet another Hopper (or Item Conduit, Transfer Node, etc.) on the top, and export Steel and Slag by placing a Chest on the front and back, respectively.","x":125,"y":87,"icon":{"id":"contenttweaker:icon_improved_blast_furnace"},"prerequisites":["4bd983ac-5217-4e58-aa3c-ef80f569df19"],"tasks":[{"type":"DETECT","items":[{"item":{"id":"immersiveengineering:stone_decoration","damage":2},"required":27},{"item":{"id":"minecraft:hopper"}}]}],"reward":[{"id":"minecraft:hopper"},{"id":"ironchest:iron_chest","amount":3}],"commandrewards":[]},{"uuid":"93172519-5092-4ba7-9ea9-668e77c9b16d","name":"Sit down and draw","description":"Craft an Engineer\u0027s Workbench! Use a Blueprint and crafting materials to create various items! Later you\u0027ll be able to create an Automated Engineer\u0027s Workbench (topmost quest on the next page) to automate the crafting of items created on the Workbench.","x":125,"y":40,"icon":{"id":"immersiveengineering:wooden_device0","damage":2},"prerequisites":["13f9a1da-5d63-4e7b-91f0-c1d2c0a4f825"],"tasks":[{"type":"DETECT","items":[{"item":{"id":"immersiveengineering:wooden_device0","damage":2}}]}],"reward":[{"id":"immersiveengineering:treated_wood_stairs0"},{"id":"enderutilities:chairwand"}],"commandrewards":[]},{"uuid":"c71877d6-32b0-4f5e-873f-c40852554383","name":"Better Storage","description":"Now that you have made some Steel, craft a Drawer Controller! By attaching this to your Drawer Line you\u0027ll be able to access all of the Drawers at once! No longer will you have to search for specific spots to put your items into, you can simply Right Click your Drawer Controller with an item, and if you have room for it in your attached Drawers, it will get placed inside one.\n\nYou can also attach any kind of item translocator, like Hoppers, Pipes, Transfer Nodes, etc. to the Drawer Controller to send items into your Drawer Storage. Later I recommend you to attach an AE2 Storage Bus to your Drawer Controller. That way, your ME System can see your entire Drawer Network, and have access to items inside.","x":26,"y":64,"icon":{"id":"storagedrawers:controller"},"prerequisites":["1969bd6e-42bb-4a39-b916-3097607692d1"],"tasks":[{"type":"DETECT","items":[{"item":{"id":"storagedrawers:controller"}}]}],"reward":[{"id":"storagedrawers:compdrawers","amount":3},{"id":"storagedrawers:basicdrawers","damage":2,"amount":4,"nbt":"{material:\"oak\"}"}],"commandrewards":[]},{"uuid":"f3ace83b-bcbf-40fe-8916-d35e64be3561","name":"But... how MUCH power?","description":"Craft a Current Transformer! Break up your wiring into 2 pieces by connecting it to a generator (like a Kinetic Dynamo) on one side, and a Machine or Capacitor on the other side. You don\u0027t need to use Wire Connectors for the Current Transformer. This will let you know how much power is flowing through the cable, or how much power you\u0027re generating.","x":111,"y":110,"icon":{"id":"immersiveengineering:connector","damage":11},"prerequisites":["b4bfae25-bf54-4ddd-be0c-49baae450c34","2a898ab4-6c4f-471c-a4df-71c734e5779b"],"tasks":[{"type":"DETECT","items":[{"item":{"id":"immersiveengineering:connector","damage":11}}]}],"reward":[{"id":"minecraft:diamond","amount":4}],"commandrewards":[]},{"uuid":"8146dfc1-2c9c-4b6c-ab58-a3d7bcce6075","name":"Graph for Graphite","description":"Craft an Engineer\u0027s Blueprint for Arc Furnace Electrodes! Then craft 3 Graphite Electrodes in your Engineer\u0027s Workbench! This is a required ingredient in all Arc Furnace recipes. Don\u0027t worry though, these Electrodes have durability and do last a while.","x":209,"y":110,"icon":{"id":"immersiveengineering:graphite_electrode"},"prerequisites":["3b8a1b48-8019-41d6-a201-72ef0cc2e5f2"],"tasks":[{"type":"DETECT","items":[{"item":{"id":"immersiveengineering:blueprint","nbt":"{blueprint:\"electrode\"}"}},{"item":{"id":"immersiveengineering:graphite_electrode"},"required":3}]}],"rewardchoice":[{"id":"minecraft:diamond_ore","amount":4},{"id":"minecraft:emerald_ore","amount":4}],"commandrewards":[]},{"uuid":"be1dbc9a-c6d8-4c1a-81e5-f1f304c9be5e","name":"Crushin\u0027 it","description":"Crafter the required components of a Crusher! Check your Engineer\u0027s Manual -\u003e Heavy Machinery -\u003e Crusher to see how to build the multiblock. Once built, click on one of the central Fence blocks on a longer side with your Engineer\u0027s Hammer to form the multiblock.\n\nThe Crusher doesn\u0027t have an interface. Instead, when provided with power (through the orange dot on the center back) and throwing materials inside, it will try to crush it into dust form granted there exsits a crushed form of the given item. It will gladly eat up items that don\u0027t, so be careful what you throw in it. To output items, simply place a Chest next to the black dot on the side.","x":139,"y":110,"icon":{"id":"immersiveengineering:metal_multiblock","damage":1},"prerequisites":["dfa0ba43-0e47-4be0-8d7c-741dfeb149a4"],"tasks":[{"type":"DETECT","items":[{"item":{"id":"immersiveengineering:metal_decoration1","damage":1},"required":10},{"item":{"id":"immersiveengineering:metal_decoration0","damage":3}},{"item":{"id":"immersiveengineering:metal_decoration0","damage":4},"required":10},{"item":{"id":"immersiveengineering:metal_decoration1"},"required":8},{"item":{"id":"minecraft:hopper"},"required":9}]}],"reward":[{"id":"immersiveengineering:wooden_device1","damage":1}],"rewardchoice":[{"id":"immersiveengineering:metal_device1","damage":2},{"id":"immersiveengineering:material","damage":12,"amount":8}],"commandrewards":[]},{"uuid":"95727341-4c41-4635-b8ff-6a85d2477fbe","name":"Slime-smile mile","description":"Use your Arc Furnace to craft some Industrial Slime Balls!","x":252,"y":87,"icon":{"id":"contenttweaker:industrial_slime_ball"},"prerequisites":["f2083ac7-88fe-4821-b614-91b67c85c742"],"tasks":[{"type":"DETECT","items":[{"item":{"id":"contenttweaker:industrial_slime_ball"},"required":4}]}],"rewardchoice":[{"id":"tconstruct:edible","damage":1,"amount":10},{"id":"tconstruct:edible","damage":2,"amount":10},{"id":"tconstruct:edible","damage":4,"amount":10}],"commandrewards":[]},{"uuid":"2e6974df-e988-48f8-a747-2249cdaf7022","name":"Do your Hangs Glide low?","description":"Do you wobble when you go?\nDo it shine in the light?\nIs it leather, is it wool?\nCould you throw it over ya shoulder\nIf ya fly it make ya go\nDo your Hangs glide low?","x":237,"y":110,"icon":{"id":"openblocks:hang_glider"},"prerequisites":["bc871176-2e7a-4fef-9f2b-dcf16b9fda13"],"tasks":[{"type":"DETECT","items":[{"item":{"id":"openblocks:hang_glider"}}]}],"reward":[{"id":"minecraft:potion","amount":3,"nbt":"{Potion:\"enderio:strong_floating\"}"}],"commandrewards":[]},{"uuid":"627d10b2-cea2-4107-bb6b-3fcde6a0b2ab","name":"An Engineer\u0027s Must-Have","description":"Craft an Engineer\u0027s Hammer to get into Immersive Engineering!\n\nNote: Chapters 3 and 4 (Roots and Immersive Engineering) are meant to be completed side by side.","x":55,"y":17,"icon":{"id":"immersiveengineering:tool"},"prerequisites":["f4b76b9a-c544-4953-8ec6-e4179f03f586"],"tasks":[{"type":"DETECT","items":[{"item":{"id":"immersiveengineering:tool"}}]}],"reward":[{"id":"immersiveengineering:tool","damage":3}],"commandrewards":[]},{"uuid":"03f9a7a6-1c01-4268-8b0e-d86f46bd79a2","name":"Better than a Pickaxe","description":"Craft a Mining Drill and combine it with a Steel Drill Head in the Engineer\u0027s Workbench. Then fill it up with Biodiesel directly from the Refinery or an EnderIO Tank. When charged with fuel, it mines blocks very quickly in a 3x3 area. The chosen upgrade can be applied in the Engineer\u0027s Workbench. Note: The other upgrades are also craftable.","x":68,"y":180,"icon":{"id":"immersiveengineering:drill"},"prerequisites":["9b0188c3-9d1b-443f-b7bf-5914ec8dee24"],"tasks":[{"type":"DETECT","items":[{"item":{"id":"immersiveengineering:drill"}},{"item":{"id":"immersiveengineering:drillhead"}}]}],"rewardchoice":[{"id":"immersiveengineering:toolupgrade"},{"id":"immersiveengineering:toolupgrade","damage":1},{"id":"immersiveengineering:toolupgrade","damage":2},{"id":"immersiveengineering:toolupgrade","damage":3}],"commandrewards":[]},{"uuid":"b4d94131-74b1-4874-978b-75bd1b9e91c8","name":"Not Insulting Glass","description":"Craft some Insulating Glass! Make sure to use Lime Green Glass specifically.","x":237,"y":63,"icon":{"id":"immersiveengineering:stone_decoration","damage":8},"prerequisites":["1969bd6e-42bb-4a39-b916-3097607692d1"],"tasks":[{"type":"DETECT","items":[{"item":{"id":"immersiveengineering:stone_decoration","damage":8},"required":4}]}],"reward":[{"id":"minecraft:stained_glass","damage":5,"nbt":"{display:{Lore:[\"You\u0027re NOT ugly.\"],Name:\"Not Insulting Glass\"}}"}],"commandrewards":[]},{"uuid":"3693daf7-c538-4da3-b715-0fc24ed843be","name":"#BLASST","description":"Craft 27 Blast Bricks! Then set them up in a 3x3x3 cube and Right Click on one of the faces with your Engineer\u0027s Hammer!\n\nThis machine creates Steel and Slag when provided with Iron Ingots and Coal Coke.\n\nUnlike the Coke Oven however, it\u0027s not possible to automate it. You\u0027ll need to craft an Improved Blast Furnace, Arc Furnace or progress far enough until your reach Thermal Expansion if you want to automate Steel production.","x":41,"y":40,"icon":{"id":"immersiveengineering:stone_decoration","damage":1},"prerequisites":["627d10b2-cea2-4107-bb6b-3fcde6a0b2ab"],"tasks":[{"type":"DETECT","items":[{"item":{"id":"immersiveengineering:stone_decoration","damage":1},"required":27}]}],"rewardchoice":[{"id":"minecraft:iron_ore","amount":12},{"id":"thermalfoundation:ore","amount":12}],"commandrewards":[]},{"uuid":"a7fb4b85-e7af-40a3-a3d0-fcbd0f4a8b84","name":"Up, up, and grade!","description":"Craft an MV Wire Coil and 2 MV Wire Connectors. This type of Wire can transport 8192 IF/tick and can stretch out up to 16 blocks.","x":181,"y":63,"icon":{"id":"immersiveengineering:wirecoil","damage":1},"prerequisites":["1969bd6e-42bb-4a39-b916-3097607692d1"],"tasks":[{"type":"DETECT","items":[{"item":{"id":"immersiveengineering:wirecoil","damage":1}},{"item":{"id":"immersiveengineering:connector","damage":2},"required":2}]}],"reward":[{"id":"immersiveengineering:wirecoil","damage":1,"amount":4},{"id":"immersiveengineering:connector","damage":2,"amount":2}],"commandrewards":[]},{"uuid":"677d793f-7c7c-4994-984b-061eab394e14","name":"You can be the Hemperor","description":"Punch some tall grass to obtain some Industrial Hemp Seeds! Then plant them to get some Industrial Hemp Fiber! I recommend using Roots Elemental Soils.","x":83,"y":17,"icon":{"id":"immersiveengineering:material","damage":4},"prerequisites":["627d10b2-cea2-4107-bb6b-3fcde6a0b2ab"],"tasks":[{"type":"DETECT","items":[{"item":{"id":"immersiveengineering:seed"},"required":4},{"item":{"id":"immersiveengineering:material","damage":4},"required":4}]}],"reward":[{"id":"minecraft:dye","damage":15,"amount":24}],"commandrewards":[]},{"uuid":"3b8a1b48-8019-41d6-a201-72ef0cc2e5f2","name":"Hop, skip, dust!","description":"Use your Squeezer to craft some HOP Graphite Dust using Coke Dust!","x":223,"y":133,"icon":{"id":"immersiveengineering:material","damage":18},"prerequisites":["2e0b9665-cf57-43b6-b4bf-7f5e34f24e04"],"tasks":[{"type":"DETECT","items":[{"item":{"id":"immersiveengineering:material","damage":18},"required":4}]}],"rewardchoice":[{"id":"bewitchment:amethyst_ore","amount":6},{"id":"thermalfoundation:ore","damage":2,"amount":8}],"commandrewards":[]},{"uuid":"b4bfae25-bf54-4ddd-be0c-49baae450c34","name":"Water you doin\u0027!?","description":"Trying to generate some power, that\u0027s what! Craft a Water Wheel, and attach it to a Kinetic Dynamo to generate IF power! Make sure to have at least 2 blocks cleared in each direction to be able to place down the Water Wheel. By placing a Water source block up at the top, and letting it flow down on the sides and on the bottom, the Wheel will start spinning, and generating power.","x":99,"y":86,"icon":{"id":"immersiveengineering:wooden_device1"},"prerequisites":["13f9a1da-5d63-4e7b-91f0-c1d2c0a4f825"],"tasks":[{"type":"DETECT","items":[{"item":{"id":"immersiveengineering:wooden_device1"}}]}],"reward":[{"id":"immersiveengineering:wooden_device1"},{"id":"minecraft:water_bucket"},{"id":"minecraft:water_bucket"}],"commandrewards":[]},{"uuid":"9590dbd5-a91c-4cd4-a887-20e2d1304a80","name":"Don\u0027t get cocky!","description":"Crush some Coal Coke into Coke Dust with your Crusher!","x":182,"y":110,"icon":{"id":"immersiveengineering:material","damage":17},"prerequisites":["be1dbc9a-c6d8-4c1a-81e5-f1f304c9be5e"],"tasks":[{"type":"DETECT","items":[{"item":{"id":"immersiveengineering:material","damage":17},"required":20}]}],"rewardchoice":[{"id":"thermalfoundation:ore","damage":4,"amount":8},{"id":"thermalfoundation:ore","damage":3,"amount":8}],"commandrewards":[]},{"uuid":"942ddecf-40cb-48a8-823b-b23c3d65073b","name":"My monitor is HV","description":"Craft an HV Wire Coil, 2 HV Wire Connectors, and an HV Wire Relay. They can transport up to 32,768 IF/tick and stretch out up to 32 blocks. However, there is a key difference between HV Wire Connectors and lower tiers. They can only be used as inputs and outputs, but not throughputs. If you want to stretch out your cables further and need to use throughputs, use an HV Wire Relay.","x":224,"y":38,"icon":{"id":"immersiveengineering:wirecoil","damage":2},"prerequisites":["b4d94131-74b1-4874-978b-75bd1b9e91c8"],"tasks":[{"type":"DETECT","items":[{"item":{"id":"immersiveengineering:wirecoil","damage":2}},{"item":{"id":"immersiveengineering:connector","damage":4},"required":2},{"item":{"id":"immersiveengineering:connector","damage":5}}]}],"reward":[{"id":"immersiveengineering:wirecoil","damage":2,"amount":4},{"id":"immersiveengineering:connector","damage":4,"amount":2},{"id":"immersiveengineering:connector","damage":5,"amount":2}],"commandrewards":[]},{"uuid":"29e2994c-1104-4d2a-88b8-93b3a8e7c334","name":"Are you MV-ous?","description":"Craft an MV Capacitor! It can hold 1,000,000 IF.","x":210,"y":63,"icon":{"id":"immersiveengineering:metal_device0","damage":1},"prerequisites":["a7fb4b85-e7af-40a3-a3d0-fcbd0f4a8b84"],"tasks":[{"type":"DETECT","items":[{"item":{"id":"immersiveengineering:metal_device0","damage":1}}]}],"reward":[{"id":"immersiveengineering:connector","damage":7}],"commandrewards":[]},{"uuid":"9cad8ec5-82c4-4c18-b561-0257a39aca41","name":"Beta Redstone Furnace","description":"Craft an External Heater! Place some Furnaces next to it, and provide it with power through the orange dot! Now adjacent Furnaces will use the IF power you\u0027re generating instead of fuel to smelt.\n\nIf you have access to Cincinnasite from the Nether, you can also craft a Cincinnasite Forge for double Furnace speed!","x":41,"y":133,"icon":{"id":"immersiveengineering:metal_device1","damage":1},"prerequisites":["e374c663-ceaf-4a09-a943-f77cb48a1cf3"],"tasks":[{"type":"DETECT","items":[{"item":{"id":"immersiveengineering:metal_device1","damage":1}}]}],"reward":[{"id":"betternether:cincinnasite","amount":8}],"commandrewards":[]},{"uuid":"32f07d02-aa34-4df7-8caa-d16447f784d2","name":"A simple sample","description":"Craft one of more Core Sample Drills. When provided with power and Right Clicked, it will dig up a sample from the ground. The sample may contains some Veins. If it does, the given chunk is suitable for mining with the Excavator. The machine won\u0027t actually mine up the terrain, just generate some of that Ore as output. The likelihood of finding a Vein has been increased, hopefully you\u0027ll have no trouble finding them close enough to your Power generation.","x":264,"y":110,"icon":{"id":"immersiveengineering:metal_device1","damage":7},"prerequisites":["c3637626-1bbe-45af-b777-1fad43fe506f"],"tasks":[{"type":"DETECT","items":[{"item":{"id":"immersiveengineering:metal_device1","damage":7}}]}],"reward":[{"id":"minecraft:iron_ore","amount":16}],"commandrewards":[]},{"uuid":"d70adbfd-1cfe-4443-8baf-50620200efdc","name":"It\u0027s a chest for... power!","description":"Craft an LV Capacitor! This block can store 100,000 IF (or RF). Each side can be configured to accept power, or output power. Click on a side once to turn it into a side that accepts power (blue dots), or twice to turn it into a side that outputs power (orange dots). Despite its name, it can accept power through MV and HV Wires and Wire Connectors too.","x":70,"y":86,"icon":{"id":"immersiveengineering:metal_device0"},"prerequisites":["1969bd6e-42bb-4a39-b916-3097607692d1"],"tasks":[{"type":"DETECT","items":[{"item":{"id":"immersiveengineering:metal_device0"}}]}],"reward":[{"id":"thermalfoundation:material","damage":128,"amount":10},{"id":"minecraft:redstone","amount":10}],"commandrewards":[]},{"uuid":"69d50943-e70b-48eb-8e88-bccfeaa394cf","name":"It\u0027s the Wild West","description":"Craft a Revolver, 8 pieces of basic ammo, and a Revolver Speedloader! Then check out different types of Cartridges you could use in JEI! To use the Revolver, Shift+Right Click on it to fill it up with ammo. Then simply Right Click to shoot. Now, you don\u0027t wanna run out of ammo during a fight, do you? That\u0027s what the Speedloader is for! Once you\u0027ve ran out of ammo, it\u0027ll quickly fill up the Revolver with its contents, so you can pew-pew while your heart desires (and while you have ammo). To apply the chosen upgrade, use the Engineer\u0027s Workbench. Note: The other upgrades are also craftable.","x":56,"y":156,"icon":{"id":"immersiveengineering:revolver"},"prerequisites":["1969bd6e-42bb-4a39-b916-3097607692d1"],"tasks":[{"type":"DETECT","items":[{"item":{"id":"immersiveengineering:revolver"}},{"item":{"id":"immersiveengineering:bullet","damage":2,"nbt":"{bullet:\"casull\"}"},"required":8},{"item":{"id":"immersiveengineering:speedloader"}}]}],"reward":[{"id":"immersiveengineering:bullet","damage":2,"amount":4,"nbt":"{bullet:\"armor_piercing\"}"}],"rewardchoice":[{"id":"immersiveengineering:toolupgrade","damage":6},{"id":"immersiveengineering:toolupgrade","damage":4},{"id":"immersiveengineering:toolupgrade","damage":5}],"commandrewards":[]},{"uuid":"9b0188c3-9d1b-443f-b7bf-5914ec8dee24","name":"Refine and overcome","description":"Craft the required components for a Refinery! Check your Engineer\u0027s Manual to setup the multiblock. To form it, click on the central Heavy Engineering Block on one of the longer sides with your Engineer\u0027s Hammer.\n\nPower input is on the top, and 2 Fluid inputs are on either side. Make sure to push Fluids into the machine. Fluid output is on the center of the longer side.","x":111,"y":157,"icon":{"id":"immersiveengineering:metal_multiblock","damage":9},"prerequisites":["a149d6af-9059-4a2a-851e-2a50e228b752","29b42b73-2625-4c6b-858d-dbfc0becc017"],"tasks":[{"type":"DETECT","items":[{"item":{"id":"immersiveengineering:metal_decoration1","damage":1},"required":8},{"item":{"id":"immersiveengineering:metal_device1","damage":6},"required":5},{"item":{"id":"immersiveengineering:metal_decoration0","damage":3}},{"item":{"id":"immersiveengineering:metal_decoration0","damage":4},"required":2},{"item":{"id":"immersiveengineering:metal_decoration0","damage":5},"required":2},{"item":{"id":"immersiveengineering:sheetmetal","damage":9},"required":16}]}],"reward":[{"id":"thermalfoundation:ore","amount":12}],"rewardchoice":[{"id":"minecraft:gold_ingot","amount":8},{"id":"thermalfoundation:material","damage":130,"amount":8}],"commandrewards":[]},{"uuid":"c36bfc43-ab14-4751-9680-569687510dcf","name":"Take THAT, it\u0027s CHEMISTRY!","description":"Craft a Chemical Thrower! The chosen upgrade can be applied in the Engineer\u0027s Workbench. To actually use the Chemical Thrower, fill it up with any fluid. You can use an EnderIO Tank for this, or simply Right Click on any kind of Tank. The Chemical Thrower will then spray out the fluid on Right Click. Well what\u0027s the point of this - you\u0027d ask. Well, try Shift+Right Clicking to turn it into FLAMETHROWER MODE (granted the Fluid you filled it with is flammable). It\u0027s an extremely wasteful weapon, but can absolutely destroy some enemies.","x":97,"y":180,"icon":{"id":"immersiveengineering:chemthrower"},"prerequisites":["9b0188c3-9d1b-443f-b7bf-5914ec8dee24"],"tasks":[{"type":"DETECT","items":[{"item":{"id":"immersiveengineering:chemthrower"}}]}],"rewardchoice":[{"id":"immersiveengineering:toolupgrade","damage":3},{"id":"immersiveengineering:toolupgrade","damage":7},{"id":"immersiveengineering:toolupgrade","damage":13}],"commandrewards":[]},{"uuid":"35a83d54-67a6-446b-bf84-32fd0ac47767","name":"Into Mekanism!","description":"Craft a set of Energized Osmium Ingots to unlock Mekanism!","x":226,"y":176,"bigicon":true,"icon":{"id":"contenttweaker:energized_osmium_ingot"},"prerequisites":["6e1b6dbc-b912-4f97-9305-520a473a96b3"],"tasks":[{"type":"DETECT","items":[{"item":{"id":"contenttweaker:energized_osmium_ingot"},"required":8}]}],"reward":[{"id":"mekanism:ingot","damage":1,"amount":24}],"commandrewards":[]},{"uuid":"3cabe7d4-f792-4161-88bb-c5844c6edeb0","name":"Chest stocks are Tanking","description":"Craft an EnderIO Fluid Tank and some Immersive Engineering Fluid Pipes to store and move Fluids.\n\nYou can set each side of the Fluid Tank to push or pull Fluids.","x":98,"y":133,"icon":{"id":"enderio:block_tank","nbt":"{\"enderio:data\":{tank:{Empty:\"\",Capacity:16000}}}"},"prerequisites":["1969bd6e-42bb-4a39-b916-3097607692d1"],"tasks":[{"type":"DETECT","items":[{"item":{"id":"enderio:block_tank","nbt":"{\"enderio:data\":{tank:{Empty:\"\",Capacity:16000}}}"},"precision":"NBT_FUZZY"},{"item":{"id":"immersiveengineering:metal_device1","damage":6},"required":3}]}],"reward":[{"id":"immersiveengineering:metal_device0","damage":5}],"commandrewards":[]},{"uuid":"f4b76b9a-c544-4953-8ec6-e4179f03f586","name":"Baykok\u0027s death","description":"Craft a batch of Baykok\u0027s Bloodied Stones! To obtain Coagulated Blood, smelt Rotten Flesh in your Smeltery, or alternatively stand in it: But watch out, this method might be painful...\n\nNote: Crafting with Baykok\u0027s Bow will only use up 1 durability.","x":27,"y":17,"icon":{"id":"contenttweaker:baykoks_bloodied_stone"},"prerequisites":["4eb44f29-3e08-4d4a-bc9b-ca0cab5cc3eb"],"tasks":[{"type":"DETECT","items":[{"item":{"id":"contenttweaker:baykoks_bloodied_stone"},"required":8}]}],"reward":[{"id":"minecraft:potion","nbt":"{Potion:\"minecraft:long_regeneration\"}"}],"commandrewards":[]},{"uuid":"21b31983-76eb-497e-98f8-08d9e0f4471f","name":"No more mining!","description":"Craft the required components for an Excavator and a Bucket Wheel! Check the Engineer\u0027s Manual -\u003e Heavy Machinery -\u003e Excavator to see how to set both of them up. Before you do so though, make sure to set it up in the right area. Craft a Core Sample Drill (see the quest besides this one). Once you found a suitable location, power it from the side (one of 3 black dots), and place an output chest (or preferably Item Ducts connected to 2-3 Drawers) as an output. Be aware, that this machine uses 4096 RF/tick, so you need good power generation to keep it going. (1 Diesel generator can keep it up exactly.)","x":278,"y":134,"icon":{"id":"immersiveengineering:metal_multiblock","damage":11},"prerequisites":["c3637626-1bbe-45af-b777-1fad43fe506f"],"tasks":[{"type":"DETECT","items":[{"item":{"id":"immersiveengineering:metal_decoration1","damage":1},"required":26},{"item":{"id":"immersiveengineering:sheetmetal","damage":8},"required":15},{"item":{"id":"immersiveengineering:metal_decoration0","damage":3}},{"item":{"id":"immersiveengineering:metal_decoration0","damage":4},"required":9},{"item":{"id":"immersiveengineering:metal_decoration0","damage":5},"required":5},{"item":{"id":"immersiveengineering:metal_decoration0","damage":7},"required":3},{"item":{"id":"thermalfoundation:storage_alloy"},"required":9}]}],"reward":[{"id":"immersiveengineering:metal_device1","damage":8},{"id":"immersiveengineering:connector","damage":4},{"id":"immersiveengineering:wirecoil","damage":2}],"commandrewards":[]},{"uuid":"f2083ac7-88fe-4821-b614-91b67c85c742","name":"The Big Boi","description":"Craft the required components for an Arc Furnace! Check your Engineer\u0027s Manual -\u003e Heavy Machinery -\u003e Arc Furnace on how to construct it. Once formed, click on the central Cauldron to create the multiblock!\n\nProvide power to one of the 3 black squares on the back. Inputs are on the top. When facing the front of the machine, the left slot inputs the main items, and the right slot inputs the additional items. Output is on the front bottom, where the Cauldron used tobe during construction pull items out of there. The Arc Furnace can be used to smelt, alloy, or create Steel, so additional outputs (a.k.a Slag) can and should be removed, and are automatically pushed out on the pack, below the power input.","x":195,"y":87,"icon":{"id":"immersiveengineering:metal_multiblock","damage":13},"prerequisites":["8146dfc1-2c9c-4b6c-ab58-a3d7bcce6075","d74d532c-4582-44cd-b7ad-54bbfcf1d1ff"],"tasks":[{"type":"DETECT","items":[{"item":{"id":"minecraft:cauldron"}},{"item":{"id":"immersiveengineering:sheetmetal_slab","damage":8},"required":14},{"item":{"id":"immersiveengineering:sheetmetal","damage":8},"required":8},{"item":{"id":"thermalfoundation:storage_alloy"},"required":6},{"item":{"id":"immersiveengineering:metal_decoration1","damage":1},"required":5},{"item":{"id":"immersiveengineering:metal_decoration0","damage":3}},{"item":{"id":"immersiveengineering:metal_decoration0","damage":4},"required":10},{"item":{"id":"immersiveengineering:metal_decoration0","damage":5},"required":5},{"item":{"id":"immersiveengineering:stone_decoration","damage":2},"required":27}]}],"reward":[{"id":"thermalfoundation:storage_alloy","amount":8}],"rewardchoice":[{"id":"minecraft:redstone_block","amount":12},{"id":"minecraft:gold_block","amount":4}],"commandrewards":[]},{"uuid":"4bd983ac-5217-4e58-aa3c-ef80f569df19","name":"Onwards, to Moldol!","description":"Craft the 3 most essential Molds! Using a Metal press with these Molds, you can gain more output from your materials.","x":112,"y":63,"icon":{"id":"immersiveengineering:mold"},"prerequisites":["f67242e5-ad8e-45c9-82b2-049c541c36cb","93172519-5092-4ba7-9ea9-668e77c9b16d"],"tasks":[{"type":"DETECT","items":[{"item":{"id":"immersiveengineering:mold"}},{"item":{"id":"immersiveengineering:mold","damage":2}},{"item":{"id":"immersiveengineering:mold","damage":4}}]}],"rewardchoice":[{"id":"immersiveengineering:mold","damage":3},{"id":"immersiveengineering:mold","damage":7}],"commandrewards":[]},{"uuid":"cbb9dc19-f80f-4c2a-a228-8509bdae877d","name":"Coke\u0027s not just a drink","description":"Craft 27 Coke Bricks! JEI shows some Coke Bricks from Chisel, so make sure to craft the right one: the one from Immersive Engineering.\n\nThen set them up in a 3x3x3 cube! Finally, right click on one of the faces with your Enginner\u0027s Hammer to create a Coke Oven!\n\nInsert some Coal in the left slot and some kind of liquid storage in the top right slot (Buckets, various Tanks, etc.)! The Oven will automatically transform the Coal into Coal Coke, and fill the Bucket/Tank with Creosote Oil.\n\nMake sure to keep emptying the Creosote, otherwise the Oven will stop functioning.\n\nIt\u0027s also possible (and recommended) to automate extraction and insertion of Coal, Coal Coke, and Creosote Oil using Hoppers and Pipes. Feed Coal from the top, remove Coal Coke from the bottom, and pipe out Creosite Oil from one of the sides (in this case, Buckets/Tanks aren\u0027t even needed).","x":70,"y":41,"icon":{"id":"immersiveengineering:stone_decoration"},"prerequisites":["627d10b2-cea2-4107-bb6b-3fcde6a0b2ab"],"tasks":[{"type":"DETECT","items":[{"item":{"id":"immersiveengineering:stone_decoration"},"required":27}]}],"reward":[{"id":"thermalexpansion:tank","nbt":"{RSControl:0b,Level:0b}"},{"id":"thermaldynamics:duct_16"},{"id":"thermaldynamics:servo"},{"id":"thermalfoundation:upgrade"}],"commandrewards":[]},{"uuid":"e374c663-ceaf-4a09-a943-f77cb48a1cf3","name":"Shockingly","description":"Craft an LV Wire Coil and 2 LV Wire Connectors. By attaching the Wire Connectors to Machines, Generators, or Capacitors, and connecting them with a Wire, you\u0027ll be able to transfer power between them!\n\nLV Wires can stretch out up to 16 blocks apart, and cannot be obstructed by any blocks. The LV Wire can only transfer 2048 RF/tick. So if you have multiple machines, you might need to upgrade it to MV or HV. If you don\u0027t want to replace your entire system of wires, you can craft Transformers to change between LV and MV, or MV and HV.","x":41,"y":86,"icon":{"id":"immersiveengineering:wirecoil"},"prerequisites":["1969bd6e-42bb-4a39-b916-3097607692d1"],"tasks":[{"type":"DETECT","items":[{"item":{"id":"immersiveengineering:wirecoil"}},{"item":{"id":"immersiveengineering:connector"},"required":2}]}],"reward":[{"id":"immersiveengineering:wirecoil","amount":4},{"id":"immersiveengineering:connector","amount":2}],"commandrewards":[]},{"uuid":"e99299c2-3db0-4d7f-a3a8-9180f47e6b30","name":"BwooooOOOOOH... BANG!","description":"Craft a Railgun! The rewarded upgrades can be applied in the Engineer\u0027s Workbench. To use it, power it up in your Charging Station! Then keep some projectiles in your inventory. These include: Iron Rods, Steel Rods, and Graphite Electrodes. To use it, hold Right Click while the meter in the bottom right reaches 99, the release Right Click to FIRE!","x":25,"y":156,"icon":{"id":"immersiveengineering:railgun"},"prerequisites":["4feec9c1-86cf-4411-8c5b-ed61d2dbcf92"],"tasks":[{"type":"DETECT","items":[{"item":{"id":"immersiveengineering:railgun"}}]}],"reward":[{"id":"immersiveengineering:toolupgrade","damage":9}],"rewardchoice":[{"id":"immersiveengineering:toolupgrade","damage":8},{"id":"immersiveengineering:material","damage":2,"amount":4}],"commandrewards":[]},{"uuid":"d5c19a1c-2ff7-419e-9524-fed877f25ec1","name":"Mystery of the Scarab II","description":"Craft an Artificial Scarab Body! .... But what for...?","x":284,"y":85,"bigicon":true,"icon":{"id":"contenttweaker:artificial_scarab_body"},"prerequisites":["f2083ac7-88fe-4821-b614-91b67c85c742"],"tasks":[{"type":"DETECT","items":[{"item":{"id":"contenttweaker:artificial_scarab_body"}}]}],"rewardchoice":[{"id":"minecraft:diamond","amount":20},{"id":"minecraft:gold_ingot","amount":48},{"id":"thermalfoundation:material","damage":160,"amount":48}],"commandrewards":[]}],"reputationBar":[]}