{"name":"Industry is boomin\u0027","description":" ","quests":[{"uuid":"ed49da95-ff4b-4366-bc61-d803a65d92ce","name":"Next Level Ray Absorption","description":"Craft a Solar Panel III! It can generate 32 RF/tick. Finally a respectable amount.","x":234,"y":15,"icon":{"id":"solarflux:solar_panel_3"},"prerequisites":["c5b9b182-b3fc-4bcf-8dc3-99293f985309"],"tasks":[{"type":"DETECT","items":[{"item":{"id":"solarflux:solar_panel_3"}}]}],"rewardchoice":[{"id":"thermalfoundation:material","damage":162,"amount":20},{"id":"enderio:item_alloy_ingot","damage":4,"amount":20}],"commandrewards":[]},{"uuid":"5a3c05fe-56ec-4010-986b-84a4f47c900d","name":"Not quite straight","description":"Crush some organic materials into Biofuel, then infuse it with Water and Hydrogen to create some Substrate and Ethylene! You can use more Ethylene to multiply your Substrate.","x":64,"y":38,"icon":{"id":"mekanism:substrate"},"prerequisites":["89cc62e2-4fc1-4929-a305-d2cc204d2f79","f7663bce-2027-4112-839e-076170b849f8"],"tasks":[{"type":"DETECT","items":[{"item":{"id":"mekanism:substrate"},"required":4}]}],"reward":[{"id":"mekanism:gastank","nbt":"{tier:0,mekData:{stored:{amount:12000,gasName:\"ethene\"}}}"}],"commandrewards":[]},{"uuid":"de6005a2-b91d-46b0-92d5-51f9c758039f","name":"...when you place it down!","description":"Craft a Solar Panel VIII! It\u0027s capable of generating a massive 32,768 RF/tick! It\u0027s almost like an Extreme Reactor in a singular block!","x":221,"y":39,"icon":{"id":"solarflux:solar_panel_8"},"prerequisites":["2cccfa52-0c48-4df9-ae1c-f7536a417e62"],"tasks":[{"type":"DETECT","items":[{"item":{"id":"solarflux:solar_panel_8"}}]}],"commandrewards":[]},{"uuid":"f0668487-9e49-492a-b128-4fa38d9db412","name":"A subtle massacre","description":"Craft a Mob Slaughter Factory! Provide it with power, and use it to kill mobs from your Mob Farm or Animal Farm! This machine will produce Liquid Meat and Liquid Pink Slime in the process. Make sure to export both liquids. This can be done from a single side, through a Fluiduct or Fluid Conduit of sorts.","x":77,"y":107,"icon":{"id":"industrialforegoing:mob_slaughter_factory"},"prerequisites":["d9d9e07f-6907-4798-9265-49f4851ef01f"],"tasks":[{"type":"DETECT","items":[{"item":{"id":"industrialforegoing:mob_slaughter_factory"}}]}],"reward":[{"id":"extrautils2:drum","damage":2}],"commandrewards":[]},{"uuid":"ea83dd0c-0fe4-4685-9500-6ceea4e7a6e0","name":"All in one","description":"Craft a Material StoneWork Factory! This machine can easily create some various basic materials, and it\u0027s the perfect way to automate them. Simply lookup its capabilities in JEI, and setup multiple of them for easy automation!","x":104,"y":107,"icon":{"id":"industrialforegoing:material_stonework_factory"},"prerequisites":["ed19de20-876c-4c13-9e40-4268580fadd3"],"tasks":[{"type":"DETECT","items":[{"item":{"id":"industrialforegoing:material_stonework_factory"}}]}],"reward":[{"id":"industrialforegoing:pink_slime_ingot","amount":2}],"commandrewards":[]},{"uuid":"66335eec-bd27-4581-bdd6-824a646cc681","name":"With a Spider\u0027s vision","description":"Craft an Amplification Crystal! It is used to... amplify stuff...! What did you think it was used for?!","x":118,"y":130,"icon":{"id":"quantumflux:craftingpiece","damage":2},"prerequisites":["ed19de20-876c-4c13-9e40-4268580fadd3"],"tasks":[{"type":"DETECT","items":[{"item":{"id":"quantumflux:craftingpiece","damage":2},"required":2}]}],"rewardchoice":[{"id":"enderio:item_alloy_ingot","amount":12},{"id":"enderio:item_alloy_endergy_ingot","damage":5,"amount":12}],"commandrewards":[]},{"uuid":"b9adce59-7c36-4a3e-8d2b-ae11182872e6","name":"Liquidically","description":"Craft a Shape Card: Pump! With this, you can use your Builder to drain liquids just like any other Pump would do.","x":276,"y":176,"icon":{"id":"rftools:shape_card","damage":8},"prerequisites":["4cc7de33-1117-424d-b640-3e7004a8b655"],"tasks":[{"type":"DETECT","items":[{"item":{"id":"rftools:shape_card","damage":8}}]}],"reward":[{"id":"enderio:item_alloy_ingot","damage":2,"amount":24}],"commandrewards":[]},{"uuid":"bf3b0961-29fb-4530-89e5-fe0cb0c0b135","name":"Brighten up","description":"Craft 4 QuantumFlux Gold Casings! This is the base for all QuantumFlux machines.","x":193,"y":130,"icon":{"id":"quantumflux:craftingpiece","damage":1},"prerequisites":["ed19de20-876c-4c13-9e40-4268580fadd3"],"tasks":[{"type":"DETECT","items":[{"item":{"id":"quantumflux:craftingpiece","damage":1},"required":4}]}],"rewardchoice":[{"id":"industrialforegoing:pink_slime_ingot","amount":2},{"id":"minecraft:gold_block","amount":3}],"commandrewards":[]},{"uuid":"c515e27f-7d33-48bc-af89-ecc3b1974ab6","name":"Wireless Industry","description":"Craft an Energy Field Provider! Craft more Energy Field Addons for machines you want to charge wirelessly. Simply Shift+Right Click an Energy Field Addon onto the Priovider, then input it into any machine that requires charging. The Provider will charge the machines with the rate of 512 RF/tick, and its range is 7x4x7 around the machine, which can be expanded with Range Addons.","x":118,"y":83,"icon":{"id":"industrialforegoing:energy_field_provider"},"prerequisites":["ed19de20-876c-4c13-9e40-4268580fadd3"],"tasks":[{"type":"DETECT","items":[{"item":{"id":"industrialforegoing:energy_field_provider"}}]}],"reward":[{"id":"industrialforegoing:energy_field_addon"}],"commandrewards":[]},{"uuid":"12d9867c-d5eb-42fb-9812-fa4d12de27a5","name":"Zwoom! - goes the matter","description":"Craft some Matter Beamers for your RFTools Spawner to work. Link them to the spawner itself with any of the available wrenches. Provide items into your Matter Beamers that send them to your Spawner. The more Beamers, the faster the Spawner functions.","x":234,"y":154,"icon":{"id":"rftools:matter_beamer"},"prerequisites":["e4a71861-c3c3-4ceb-ae4c-acb0c69213b3"],"tasks":[{"type":"DETECT","items":[{"item":{"id":"rftools:matter_beamer"},"required":4}]}],"reward":[{"id":"rftools:machine_frame","amount":2}],"commandrewards":[]},{"uuid":"20c3cfd5-bd2d-46fe-b759-85def2cd0e9d","name":"Dreading for some light","description":"Craft a Dread Lamp! You\u0027ll need a full OpenBlocks Tank of Tectonic Petrotheum.\n\nThis block prevents passive mobs from spawning in a 64 block radious. It WON\u0027T prevent artificial spawning like Mob Spawners.","x":116,"y":182,"icon":{"id":"torchmaster:dread_lamp"},"prerequisites":["31187279-8e1d-4a1b-9c9b-bfc4a458f251"],"tasks":[{"type":"DETECT","items":[{"item":{"id":"torchmaster:dread_lamp"}}]}],"reward":[{"id":"contenttweaker:crystalline_brown_slime_ingot","amount":4}],"commandrewards":[]},{"uuid":"55027fbf-0de3-46c7-92e2-498b3c4c7b25","name":"No leakage","description":"Craft a Basic Gas Tank! It can store 64 Buckets of a single type of Gas.","x":133,"y":15,"icon":{"id":"mekanism:gastank","nbt":"{tier:0}"},"prerequisites":["89cc62e2-4fc1-4929-a305-d2cc204d2f79"],"tasks":[{"type":"DETECT","items":[{"item":{"id":"mekanism:gastank","nbt":"{tier:0}"}}]}],"reward":[{"id":"mekanism:atomicalloy","amount":2}],"commandrewards":[]},{"uuid":"8c8da5bd-3862-487f-bb97-ec3f5adf7f7b","name":"Even shinier! Even brighter!","description":"Pulverize some Industrial Grade Graphite Ores into Graphite Dust. Then blow up a stack of Graphite Dust to obtain some Hyper Diamonds!","x":193,"y":84,"icon":{"id":"quantumflux:craftingpiece","damage":6},"prerequisites":["7e678652-9904-49bf-888f-e8db779176a5"],"tasks":[{"type":"DETECT","items":[{"item":{"id":"quantumflux:craftingpiece","damage":6},"required":8}]}],"reward":[{"id":"minecraft:diamond","amount":8}],"commandrewards":[]},{"uuid":"f7663bce-2027-4112-839e-076170b849f8","name":"No Pressure though","description":"Craft a Mekanism Pressurized Reaction Chamber! It takes 2 Fluid inputs and 1 Item input to create other Fluids and Items. You\u0027ll also need to provide it with power, so use all sides wisely!","x":37,"y":39,"icon":{"id":"mekanism:machineblock2","damage":10},"prerequisites":["778f05d3-dbea-4fc6-ab74-1c277ff82d67"],"tasks":[{"type":"DETECT","items":[{"item":{"id":"mekanism:machineblock2","damage":10}}]}],"reward":[{"id":"enderio:item_material","damage":54,"amount":2}],"commandrewards":[]},{"uuid":"d4b4895f-513e-4913-ab05-97fa047965e6","name":"Frying the Dragons","description":"Craft a Wyvern Solar Panel! It can generate 65,536 RF/tick. Holy macaroni!","x":235,"y":63,"icon":{"id":"solarflux:solar_panel_wyvern"},"prerequisites":["de6005a2-b91d-46b0-92d5-51f9c758039f"],"tasks":[{"type":"DETECT","items":[{"item":{"id":"solarflux:solar_panel_wyvern"}}]}],"commandrewards":[]},{"uuid":"87dfa680-bb7e-499b-b62b-b2a21d0b5d91","name":"Stiffen up","description":"Craft an RFTools Machine Frame! This is base for all RFTools Machines.","x":207,"y":153,"icon":{"id":"rftools:machine_frame"},"prerequisites":["31187279-8e1d-4a1b-9c9b-bfc4a458f251"],"tasks":[{"type":"DETECT","items":[{"item":{"id":"rftools:machine_frame"}}]}],"reward":[{"id":"contenttweaker:crystalline_brown_slime_ingot","amount":6}],"commandrewards":[]},{"uuid":"8a9bbadf-dfaf-47fb-b3c8-899286456f26","name":"Better Plastic creation","description":"Make a Tree Fluid Extractor and a Latex Processing Unit! Simply tap any type of Tree with the Extractor and send the fluid Latex into the Latex Processing Unit! It\u0027ll create Tiny Dry Rubber which you can easily process into Plastic. You\u0027ll need to automatically place logs in front of the Tree Fluid Extractor (using like a Block Placer), since it\u0027ll eat up the log eventually. Setup multiple of these machines for faster gain!","x":104,"y":61,"icon":{"id":"industrialforegoing:latex_processing_unit"},"prerequisites":["d9d9e07f-6907-4798-9265-49f4851ef01f"],"tasks":[{"type":"DETECT","items":[{"item":{"id":"industrialforegoing:tree_fluid_extractor"}},{"item":{"id":"industrialforegoing:latex_processing_unit"}}]}],"rewardchoice":[{"id":"extrautils2:ingredients","damage":6,"amount":4},{"id":"thermalfoundation:material","damage":26,"amount":4}],"commandrewards":[]},{"uuid":"d9d9e07f-6907-4798-9265-49f4851ef01f","name":"Exactly like Plastic!","description":"Create some Plastic Sheets either by crafting, or in the Enrichment Chamber (the latter is preferrable, as it\u0027s much cheaper). Then use 4 Plastic Sheets and half a bucket of Nutrient Distillation (created in the EnderIO Vat) to create 1 Industrial Foregoing Plastic!","x":77,"y":61,"icon":{"id":"industrialforegoing:plastic"},"prerequisites":["dec8770a-9fb2-4555-9820-166e5954aef0"],"tasks":[{"type":"DETECT","items":[{"item":{"id":"industrialforegoing:plastic"},"required":2}]}],"reward":[{"id":"industrialforegoing:book_manual"}],"commandrewards":[]},{"uuid":"a99d4276-cab3-4011-b5a1-00c0934a03c9","name":"Trees! Fall!","description":"Setup a Plant Gatherer to gather Saplings and a Plant Sower to plant them! These make up the perfect combination for an automated Tree Farm!","x":132,"y":61,"icon":{"id":"industrialforegoing:crop_sower"},"prerequisites":["d9d9e07f-6907-4798-9265-49f4851ef01f"],"tasks":[{"type":"DETECT","items":[{"item":{"id":"industrialforegoing:crop_recolector"}},{"item":{"id":"industrialforegoing:crop_sower"}}]}],"reward":[{"id":"industrialforegoing:range_addon","damage":3,"amount":2}],"commandrewards":[]},{"uuid":"bbf74246-18be-4a46-9f4b-4f3cf2667e73","name":"Better than Emeralds","description":"Make a Quibit Crystal! Quibit - quibit!","x":221,"y":85,"icon":{"id":"quantumflux:craftingpiece"},"prerequisites":["8c8da5bd-3862-487f-bb97-ec3f5adf7f7b"],"tasks":[{"type":"DETECT","items":[{"item":{"id":"quantumflux:craftingpiece"}}]}],"reward":[{"id":"enderio:item_alloy_ingot","damage":2,"amount":12}],"commandrewards":[]},{"uuid":"31187279-8e1d-4a1b-9c9b-bfc4a458f251","name":"Don\u0027t think of its ingredients","description":"Create some Crystalline Pink Slime Ingots then alloy it further into some Crystalline Brown Slime Ingots!","x":100,"y":151,"bigicon":true,"icon":{"id":"contenttweaker:crystalline_brown_slime_ingot"},"prerequisites":["6e0c06bf-4d9f-462e-ab26-c0b748f4802a","ed19de20-876c-4c13-9e40-4268580fadd3"],"tasks":[{"type":"DETECT","items":[{"item":{"id":"contenttweaker:crystalline_brown_slime_ingot"},"required":4}]}],"reward":[{"id":"enderio:item_alloy_ingot","damage":5,"amount":32}],"commandrewards":[]},{"uuid":"8b5e5f0c-f38e-4a23-94ee-7837715c78c8","name":"Grab every last photon!","description":"Craft a Solar Panel V! It can generate a pretty good 512 RF/tick.","x":293,"y":15,"icon":{"id":"solarflux:solar_panel_5"},"prerequisites":["99f498f8-36cc-4493-8bd2-822988c2bea0"],"tasks":[{"type":"DETECT","items":[{"item":{"id":"solarflux:solar_panel_5"}}]}],"reward":[{"id":"actuallyadditions:item_crystal_empowered","damage":5,"amount":6}],"commandrewards":[]},{"uuid":"ed19de20-876c-4c13-9e40-4268580fadd3","name":"Bouncy bouncy","description":"Obtain at least 1 Bucket worth of Liquid Pink Slime! Make a small pen and dig out a 1x1 area to place your fluid into. After about a minute, the liquid will transform into a baby Pink Slime. Use looting on the cutie, or name it Jerry and keep it as your pet, or something. Your choice.\n\nIf you chose the first option, continue creating a Pink Slime Ingot.","x":91,"y":130,"icon":{"id":"industrialforegoing:pink_slime_ingot"},"prerequisites":["f0668487-9e49-492a-b128-4fa38d9db412"],"tasks":[{"type":"DETECT","items":[{"item":{"id":"industrialforegoing:pink_slime"}},{"item":{"id":"industrialforegoing:pink_slime_ingot"}}]}],"reward":[{"id":"industrialforegoing:plastic","amount":12}],"commandrewards":[]},{"uuid":"180d8391-5ae2-4e51-b144-af3c3947f122","name":"Engraved with 1\u0027s and 0\u0027s","description":"Craft an Advanced Circuit!","x":207,"y":107,"icon":{"id":"quantumflux:craftingpiece","damage":5},"prerequisites":["8c8da5bd-3862-487f-bb97-ec3f5adf7f7b"],"tasks":[{"type":"DETECT","items":[{"item":{"id":"quantumflux:craftingpiece","damage":5},"required":2}]}],"reward":[{"id":"thermalfoundation:material","damage":167,"amount":16}],"commandrewards":[]},{"uuid":"e4a71861-c3c3-4ceb-ae4c-acb0c69213b3","name":"Your first Spawner!","description":"Craft an RFTools Spawner! With this, you can automatically spawn some creatures into the world, though you\u0027ll need to pay a price. Note: Not all creatures can be spawned with this primitive block. You\u0027ll need Spawners from the following Chapters if you want to spawn other mobs. To use this one though, insert a Syringe of the specified mob, then the GUI will show you items that you need for the mob to spawn. If it shows \"nullRF\", the mob cannot be spawned unfortunately. You\u0027ll need to use Matter Beamers to provide the items. To connect the Matter Beamers, use a Crescent Hammer, a Yeta Wrench, or a Smart Wrench.","x":221,"y":129,"icon":{"id":"rftools:spawner"},"prerequisites":["87dfa680-bb7e-499b-b62b-b2a21d0b5d91","180d8391-5ae2-4e51-b144-af3c3947f122"],"tasks":[{"type":"DETECT","items":[{"item":{"id":"rftools:spawner"}}]}],"rewardchoice":[{"id":"contenttweaker:mobgrindium_ingot","amount":32},{"id":"enderio:item_alloy_ingot","damage":6,"amount":32}],"commandrewards":[]},{"uuid":"fedb70a7-5b1a-4af2-97c2-3d10f20995fb","name":"Power cables are so 2010","description":"Craft an RF Entangler, an RF Exciter and 2 Exciter Upgrades! Place down the Entangler and provide power to it! Place some machines in the vacinity and place some RF Exciters on them! The Entangler is capable of powering all machines equipped with an Exciter as long as both of them are loaded! That\u0027s right, they can be any distance away! Applying Exciter Upgrades will increase the transfer rate by 100 RF/tick. Default transfer rate is also 100 RF/tick. Simply Shift+Right Click on the Exciter to apply the Upgrades.","x":274,"y":129,"icon":{"id":"quantumflux:rfentangler"},"prerequisites":["246cb92b-f23a-4861-951d-6af26e5a7ce6","bf3b0961-29fb-4530-89e5-fe0cb0c0b135"],"tasks":[{"type":"DETECT","items":[{"item":{"id":"quantumflux:rfentangler"}},{"item":{"id":"quantumflux:rfexciter"},"required":2},{"item":{"id":"quantumflux:exciterupgrade"},"required":2}]}],"reward":[{"id":"quantumflux:craftingpiece","damage":1,"amount":6}],"commandrewards":[]},{"uuid":"3f76405c-26ab-4797-84e5-9b51b09ea788","name":"Block here, block there!","description":"Progress further into Ender Utilities, then craft a Matter Transporter from QuantumFlux! This tool is capable of transporting any non-unbreakable block from one location to the other. It\u0027s perfect for relocating Mob Spawners!","x":249,"y":85,"icon":{"id":"quantumflux:mattertransporter"},"prerequisites":["246cb92b-f23a-4861-951d-6af26e5a7ce6"],"tasks":[{"type":"DETECT","items":[{"item":{"id":"quantumflux:mattertransporter"},"precision":"NBT_FUZZY"}]}],"rewardchoice":[{"id":"contenttweaker:crystalline_brown_slime_ingot","amount":16},{"id":"enderutilities:enderpart","amount":6}],"commandrewards":[]},{"uuid":"89cc62e2-4fc1-4929-a305-d2cc204d2f79","name":"Oxygen \u0026 Hydrogen!","description":"Craft an Electrolytic Separator! Use some kind of a pipe to import Water into the machine, and provide power to it as well. It will separate Water into Hydrogen and Oxygen. To transfer these gases, use Mekanism Pressurized Tubes. To store them, use Mekanism Gas Tanks. You can find quests for them to the right of this one.","x":49,"y":15,"icon":{"id":"mekanism:machineblock2","damage":4},"prerequisites":["778f05d3-dbea-4fc6-ab74-1c277ff82d67"],"tasks":[{"type":"DETECT","items":[{"item":{"id":"mekanism:machineblock2","damage":4},"precision":"NBT_FUZZY"}]}],"reward":[{"id":"enderio:block_tank","damage":1,"amount":2}],"commandrewards":[]},{"uuid":"778f05d3-dbea-4fc6-ab74-1c277ff82d67","name":"Don\u0027t get shocked!","description":"Craft a Mekanism Electrolytic Core! This is used as a crafting component is some machines.","x":22,"y":16,"icon":{"id":"mekanism:electrolyticcore"},"prerequisites":["a7b54992-ff0b-4d70-b6f6-6026aa2ff1b0","8f344bdb-289a-4124-a3bd-086dbe91e028"],"tasks":[{"type":"DETECT","items":[{"item":{"id":"mekanism:electrolyticcore"}}]}],"reward":[{"id":"thermalfoundation:material","damage":136,"amount":2}],"commandrewards":[]},{"uuid":"f7ce1bb9-5fba-41ce-b8eb-1313e47aa93d","name":"Craft, construct, assemble","description":"Make all 3 tiers of RFTools Crafters! Check back on this quest after each upgrade to see if the machine was detected or not. The RFTools Crafter is the bester external crafting machine, and you can easily set some up right now for items you need a lot of. Simply use an Export Bus with the crating ingredients and an Import Bus for the crafted materials. Don\u0027t worry, AE2 autocrafting will be here soon!","x":193,"y":176,"icon":{"id":"rftools:crafter2"},"prerequisites":["87dfa680-bb7e-499b-b62b-b2a21d0b5d91"],"tasks":[{"type":"DETECT","items":[{"item":{"id":"rftools:crafter1"}},{"item":{"id":"rftools:crafter2"}},{"item":{"id":"rftools:crafter3"}}]}],"reward":[{"id":"enderio:item_alloy_ingot","damage":6,"amount":32}],"commandrewards":[]},{"uuid":"14ef61e2-29e7-42f7-a757-a2e01d014095","name":"Gas who it is!","description":"It\u0027s the Ultimate Gas Tank! Upgrade your Basic variant all the way to this! It can store 512 Buckets worth of Gas.","x":118,"y":38,"icon":{"id":"mekanism:gastank","nbt":"{tier:3}"},"prerequisites":["55027fbf-0de3-46c7-92e2-498b3c4c7b25"],"tasks":[{"type":"DETECT","items":[{"item":{"id":"mekanism:gastank","nbt":"{tier:3}"}}]}],"reward":[{"id":"extrautils2:ingredients","damage":3,"amount":10}],"commandrewards":[]},{"uuid":"e6d7b6e7-c199-442b-afa5-c50a14d9accb","name":"Yeesh! Don\u0027t prick me...!","description":"Craft an RFTools Syringe! Left click on a specific type of mob multiple times to fill it up! Then you can insert it into the Spawner to automatically spawn a certain type of mob.","x":247,"y":129,"icon":{"id":"rftools:syringe"},"prerequisites":["e4a71861-c3c3-4ceb-ae4c-acb0c69213b3"],"tasks":[{"type":"DETECT","items":[{"item":{"id":"rftools:syringe"},"precision":"NBT_FUZZY"}]}],"rewardchoice":[{"id":"contenttweaker:crystalline_brown_slime_ingot"},{"id":"enderio:item_alloy_ingot","damage":7,"amount":6}],"commandrewards":[]},{"uuid":"687dcd8f-14b6-453d-b59d-e2c3da39a65e","name":"\u0027Round and \u0027round","description":"Craft a Rotary Condensentator! This machine is capable of turning Gases into their Liquid variants or vice versa. Connect it to your power line and use Liquid/Gas cables and storage blocks for input/output.","x":23,"y":61,"icon":{"id":"mekanism:machineblock2"},"prerequisites":["778f05d3-dbea-4fc6-ab74-1c277ff82d67"],"tasks":[{"type":"DETECT","items":[{"item":{"id":"mekanism:machineblock2"}}]}],"reward":[{"id":"thermalfoundation:material","damage":160,"amount":32}],"commandrewards":[]},{"uuid":"2cccfa52-0c48-4df9-ae1c-f7536a417e62","name":"They say it gets darker...","description":"Craft a Solar Panel VII! It generates 8,192 RF/tick. Better than a lot of other generators! :O","x":249,"y":39,"icon":{"id":"solarflux:solar_panel_7"},"prerequisites":["5a8cded5-ba68-48af-8258-3cb0f1e285e2"],"tasks":[{"type":"DETECT","items":[{"item":{"id":"solarflux:solar_panel_7"}}]}],"commandrewards":[]},{"uuid":"2b6a9150-99b0-43bd-9508-52bf33cc7188","name":"Such a mean Zookeeper","description":"Setup a automatic Cow or Pig farm with the machines listed on the right!\n\n- Have a pen of some fully grown animals with an Animal Baby Separator on one of the walls. Use an Animal Feeder on this pen.\n\n- The babies will enter another chamber. Use an Animal Grower on this pen. Create an exit from this chamber through another Animal Baby Separator, but this time with an Adult Filter.\n\n- Lasty, setup a third pen where newly grown adult animals will go. This is your killing chamber. Go ham. Literally.","x":64,"y":130,"icon":{"id":"industrialforegoing:animal_independence_selector"},"prerequisites":["f0668487-9e49-492a-b128-4fa38d9db412"],"tasks":[{"type":"DETECT","items":[{"item":{"id":"industrialforegoing:animal_independence_selector"},"required":2},{"item":{"id":"industrialforegoing:adult_filter"}},{"item":{"id":"industrialforegoing:animal_stock_increaser"}},{"item":{"id":"industrialforegoing:animal_growth_increaser"}}]}],"reward":[{"id":"industrialforegoing:range_addon","damage":3,"amount":2},{"id":"industrialforegoing:animal_resource_harvester"},{"id":"industrialforegoing:fortune_addon"}],"commandrewards":[]},{"uuid":"eecc0339-add6-4198-94e0-036d4dc63db8","name":"Deepfry the Dragons!","description":"Craft a Draconic Solar Panel! It can generate... wait for it... 262,144 RF/tick! Why would you need that much power anyway?!","x":263,"y":63,"icon":{"id":"solarflux:solar_panel_draconic"},"prerequisites":["d4b4895f-513e-4913-ab05-97fa047965e6"],"tasks":[{"type":"DETECT","items":[{"item":{"id":"solarflux:solar_panel_draconic"}}]}],"commandrewards":[]},{"uuid":"99f498f8-36cc-4493-8bd2-822988c2bea0","name":"Draining the Sun","description":"Craft a Solar Panel IV! It can generate a much more respectable 128 RF/tick. Without progressing further into other chapters, this is as far as you can get.","x":263,"y":15,"icon":{"id":"solarflux:solar_panel_4"},"prerequisites":["ed49da95-ff4b-4366-bc61-d803a65d92ce"],"tasks":[{"type":"DETECT","items":[{"item":{"id":"solarflux:solar_panel_4"}}]}],"rewardchoice":[{"id":"enderio:item_alloy_ingot","amount":40},{"id":"enderio:item_alloy_ingot","damage":6,"amount":20}],"commandrewards":[]},{"uuid":"6e0c06bf-4d9f-462e-ab26-c0b748f4802a","name":"Crops will LOVE this","description":"Create some Fertilizer with your Sewage Composter! You can use it as Bone Meal, Brown Dye, an input for the Plant Fertilizer Machine, or to create some Crystalline Brown Slime Ingots.","x":50,"y":155,"icon":{"id":"industrialforegoing:fertilizer"},"prerequisites":["8f25bb3c-c681-4b17-ad14-238a62c0c6ac"],"tasks":[{"type":"DETECT","items":[{"item":{"id":"industrialforegoing:fertilizer"}}]}],"reward":[{"id":"industrialforegoing:fertilizer","amount":3}],"commandrewards":[]},{"uuid":"46962f33-b189-48d0-8f85-8f96992aee0b","name":"No slowing down","description":"Craft a Speed Upgrade I \u0026 II from Tesla Core Lib! Up to 64 of these can be applied to Industrial Foregoing machines.","x":91,"y":38,"icon":{"id":"teslacorelib:speed_tier2"},"prerequisites":["d9d9e07f-6907-4798-9265-49f4851ef01f"],"tasks":[{"type":"DETECT","items":[{"item":{"id":"teslacorelib:speed_tier1"}},{"item":{"id":"teslacorelib:speed_tier2"}}]}],"reward":[{"id":"teslacorelib:energy_tier1"},{"id":"teslacorelib:energy_tier2"}],"commandrewards":[]},{"uuid":"ffab952f-7504-4e91-82a6-3ba316c5ca1f","name":"Dark Steel to Dark Stone","description":"Craft some Darkstone from QuantumFlux!","x":179,"y":62,"icon":{"id":"quantumflux:darkstone"},"prerequisites":["a7b54992-ff0b-4d70-b6f6-6026aa2ff1b0"],"tasks":[{"type":"DETECT","items":[{"item":{"id":"quantumflux:darkstone"},"required":4}]}],"reward":[{"id":"enderio:item_alloy_ingot","damage":6,"amount":10}],"commandrewards":[]},{"uuid":"dec8770a-9fb2-4555-9820-166e5954aef0","name":"Almost like Plastic!","description":"Use your Rotary Condensentrator to turn Ethylene into Liquid Ethylene. Then feed it into your Pressurized Reaction Chamber along with Oxygen to create some HDPE Pellets!","x":51,"y":61,"icon":{"id":"mekanism:polyethene"},"prerequisites":["5a3c05fe-56ec-4010-986b-84a4f47c900d","687dcd8f-14b6-453d-b59d-e2c3da39a65e"],"tasks":[{"type":"DETECT","items":[{"item":{"id":"mekanism:polyethene"},"required":6}]}],"rewardchoice":[{"id":"mekanism:speedupgrade","amount":8},{"id":"mekanism:energyupgrade","amount":8}],"commandrewards":[]},{"uuid":"dda5c9ef-1d89-45a1-a081-54d29e8cf0f2","name":"It\u0027s so enchanting","description":"Craft a Silk Quarry and a Fortune Quarry Shape Card. They are pretty self explanatory. You\u0027ll get either Silk Touched or Fortuned outputs from your Builder, when using these Shape Cards.","x":261,"y":153,"icon":{"id":"rftools:shape_card","damage":3},"prerequisites":["1a6e1b45-9cce-4047-8839-70f7c13b33b6"],"tasks":[{"type":"DETECT","items":[{"item":{"id":"rftools:shape_card","damage":3}},{"item":{"id":"rftools:shape_card","damage":4}}]}],"reward":[{"id":"minecraft:nether_star","amount":2}],"commandrewards":[]},{"uuid":"246cb92b-f23a-4861-951d-6af26e5a7ce6","name":"Quantum-quantification","description":"Craft a quantity of 1 Quantum Disk. This is used as a crafting material later on.","x":234,"y":106,"icon":{"id":"quantumflux:craftingpiece","damage":4},"prerequisites":["bbf74246-18be-4a46-9f4b-4f3cf2667e73","180d8391-5ae2-4e51-b144-af3c3947f122"],"tasks":[{"type":"DETECT","items":[{"item":{"id":"quantumflux:craftingpiece","damage":4}}]}],"reward":[{"id":"quantumflux:craftingpiece","damage":5,"amount":2}],"commandrewards":[]},{"uuid":"293ae036-4566-4c5d-93b2-beb44864418d","name":"Items will do a pullup for you","description":"Craft a QuantumFlux Item Magnet! This is one of the best early- to midgame Baubles! It requires no power and it has quite a strong magnetic field.","x":131,"y":107,"icon":{"id":"quantumflux:magnet"},"prerequisites":["66335eec-bd27-4581-bdd6-824a646cc681"],"tasks":[{"type":"DETECT","items":[{"item":{"id":"quantumflux:magnet"}}]}],"reward":[{"id":"industrialforegoing:pink_slime_ingot","amount":2}],"commandrewards":[]},{"uuid":"576783c5-bf25-43e1-9acb-80f56d4ba2ca","name":"No spawns? No problem!","description":"Craft a Mega Torch from Torchmaster! You will need a full OpenBlocks Tanks of Energized Glowstone.\n\nThis prevents all natural hostile mob spawns in a shape of a cylinder with a 64 block range and 128 block height.\n\nThis torch WON\u0027T prevent mobs spawning from Cursed Earth or other artificial methods like Spawners.","x":90,"y":182,"icon":{"id":"torchmaster:mega_torch"},"prerequisites":["31187279-8e1d-4a1b-9c9b-bfc4a458f251"],"tasks":[{"type":"DETECT","items":[{"item":{"id":"torchmaster:mega_torch"}}]}],"reward":[{"id":"contenttweaker:crystalline_brown_slime_ingot","amount":8}],"commandrewards":[]},{"uuid":"1a6e1b45-9cce-4047-8839-70f7c13b33b6","name":"To actually make it work...","description":"Craft a Shape Card: Quarry! Select two corner of an area to mine and insert it into the Builder! Power up the Builder and you can use it as a Quarry now!\n\nIf you don\u0027t want to destroy the environment, enter the Deep Dark and mine out that dimension instead! The Deep Dark Portal should be craftable now.","x":248,"y":176,"icon":{"id":"rftools:shape_card","damage":2},"prerequisites":["4cc7de33-1117-424d-b640-3e7004a8b655"],"tasks":[{"type":"DETECT","items":[{"item":{"id":"rftools:shape_card","damage":2}}]}],"reward":[{"id":"enderio:item_alloy_ingot","amount":32}],"commandrewards":[]},{"uuid":"4cc7de33-1117-424d-b640-3e7004a8b655","name":"Your first Quarry!","description":"Welcome to the age of \"not being low on any material\" anymore! Craft an RFTools Builder and a Shape Card. You can use this machine to build structures for you, but you can also use it as a Quarry, once you upgrade your Shape Card into a Shape Card: Quarry.\n\n(Note that the Builder\u0027s recipe takes 2 Block Breakers and 2 Block Placers.)\n\nFeed it power and place a Chest on top for outputs. Place a lever on the side to activate it (or any other Redstone activation component).\n\nRoute the items from the output chest into your storage system and process the ores automatically with your Pulverizers and Redstone Furnaces.","x":220,"y":176,"icon":{"id":"rftools:builder"},"prerequisites":["87dfa680-bb7e-499b-b62b-b2a21d0b5d91"],"tasks":[{"type":"DETECT","items":[{"item":{"id":"rftools:builder"}},{"item":{"id":"rftools:shape_card"}}]}],"reward":[{"id":"thermalfoundation:material","damage":136,"amount":12},{"id":"minecraft:diamond","amount":12}],"commandrewards":[]},{"uuid":"c5072616-b30f-4d77-aa38-37e21fa085f5","name":"They take up too mushroom!","description":"Craft a Spores Recreator! Provide it with any of the two vanilla Mushrooms and Water to create more!","x":37,"y":84,"icon":{"id":"industrialforegoing:spores_recreator"},"prerequisites":["d9d9e07f-6907-4798-9265-49f4851ef01f"],"tasks":[{"type":"DETECT","items":[{"item":{"id":"industrialforegoing:spores_recreator"}}]}],"reward":[{"id":"industrialforegoing:conveyor","amount":16}],"rewardchoice":[{"id":"industrialforegoing:conveyor_upgrade","damage":1},{"id":"industrialforegoing:conveyor_upgrade"}],"commandrewards":[]},{"uuid":"0aaa31e4-40e8-48fe-9748-64c0b58714b1","name":"No more slow-motion potion","description":"Craft a Potion Brewer! It can automatically create all the vanilla types of Potions! You\u0027ll need some of them in large quantity later on, so I recommend automating this machine sooner than later.","x":63,"y":84,"icon":{"id":"industrialforegoing:potion_enervator"},"prerequisites":["d9d9e07f-6907-4798-9265-49f4851ef01f"],"tasks":[{"type":"DETECT","items":[{"item":{"id":"industrialforegoing:potion_enervator"}}]}],"reward":[{"id":"minecraft:blaze_powder","amount":24}],"commandrewards":[]},{"uuid":"f4cb9c5e-8294-440b-972e-eef944f634c2","name":"Pressure transfer","description":"Craft some Basic Pressurized Tubes to transfer Gases with!","x":77,"y":15,"icon":{"id":"mekanism:transmitter","damage":2,"nbt":"{tier:0}"},"prerequisites":["89cc62e2-4fc1-4929-a305-d2cc204d2f79"],"tasks":[{"type":"DETECT","items":[{"item":{"id":"mekanism:transmitter","damage":2,"nbt":"{tier:0}"},"required":3}]}],"reward":[{"id":"enderio:item_alloy_ingot","damage":6,"amount":6}],"commandrewards":[]},{"uuid":"7e678652-9904-49bf-888f-e8db779176a5","name":"(L)Oremaster","description":"Once upon a time, there was a village in the far west... They were in dire need of outside help, because they\u0027ve been invaded by forces... Forces that cannot easily be defeated, because they outnumbered them. An expanding country tried to annex their lands and forcefully levy taxes on them. And they had no say in it!\n\nThe village elders came together one night to discuss matters... How could the repel the invasion!? Noone knew the answer. Until a wise young man budged in and whispered: \"We have something... they don\u0027t have. Let\u0027s use it.\"\n\nAnd indeed they did. They were masters of a technique noone far and wide has ever even thought of...! The masters of Ore Creation.\n\nThey used Darkstone and refined Graphite to give back mother nature what hath been taketh away.\n\nThey indeed had mother nature herself on their side. With this knowledge, they waited for troops from the invading country. They waited patiently until one day, knights have arrived from the distance. The sun barely came up, but they were ready nonetheless.\n\nThey asked for mother nature because they knew she would listen... And mother nature provided. She created a massive earthquake that shook the knights off their horses! They got so scared they never returned.\n\nThat day would later be called \"The Origin of the Oregen\" and be celebrated each year thereafter.\n\nCome, embrace the knowledge of the villagers, and create some Graphite Ore to please mother nature!\n\nThe End","x":207,"y":62,"icon":{"id":"quantumflux:graphiteore"},"prerequisites":["ffab952f-7504-4e91-82a6-3ba316c5ca1f"],"tasks":[{"type":"DETECT","items":[{"item":{"id":"quantumflux:graphiteore"},"required":4}]}],"rewardchoice":[{"id":"enderio:item_alloy_ingot","damage":1,"amount":10},{"id":"enderio:item_alloy_endergy_ingot","damage":5,"amount":10}],"commandrewards":[]},{"uuid":"978dfa17-c190-4394-879e-8390004a7db5","name":"More Solar than before!","description":"Craft 5 Efficiency and 5 Transfer Rate upgrades from Solar Flux Reborn! You can insert at most 20 Efficiency and 10 Transfer Rate Upgrades into 1 Solar Panel. 20 Efficiency Upgrades will double the power generation, and 10 Transfer Rate Upgrades will multiply the RF transfer rate by 2.5.","x":193,"y":39,"icon":{"id":"solarflux:efficiency_upgrade"},"prerequisites":["d2de3806-299a-4baa-90d1-ea1d31d0cf0c"],"tasks":[{"type":"DETECT","items":[{"item":{"id":"solarflux:efficiency_upgrade"},"required":5},{"item":{"id":"solarflux:transfer_rate_upgrade"},"required":5}]}],"commandrewards":[]},{"uuid":"c5b9b182-b3fc-4bcf-8dc3-99293f985309","name":"Absorbing the Rays","description":"Craft 8 Tier 1 Solar Panels together for a Tier 2 Solar Panel! It generates an even more incredible 8 RF/tick.","x":206,"y":15,"icon":{"id":"solarflux:solar_panel_2"},"prerequisites":["d2de3806-299a-4baa-90d1-ea1d31d0cf0c"],"tasks":[{"type":"DETECT","items":[{"item":{"id":"solarflux:solar_panel_2"}}]}],"reward":[{"id":"enderio:item_alloy_ingot","amount":16}],"commandrewards":[]},{"uuid":"d2534948-c9cb-4b60-b892-27e607fa61ca","name":"You\u0027ll LAVA this machine!","description":"Craft a Lava Fabricator! When provided with power, it\u0027ll simply create Lava! Though it uses a lot of RF, so pumping some hot stuff from the Nether might still be a better option for you.","x":91,"y":84,"icon":{"id":"industrialforegoing:lava_fabricator"},"prerequisites":["d9d9e07f-6907-4798-9265-49f4851ef01f"],"tasks":[{"type":"DETECT","items":[{"item":{"id":"industrialforegoing:lava_fabricator"}}]}],"reward":[{"id":"teslacorelib:wrench"}],"commandrewards":[]},{"uuid":"5a8cded5-ba68-48af-8258-3cb0f1e285e2","name":"Sunrise surprise","description":"Craft a Solar Panel VI! It can generate 2,048 RF/tick! Wow!","x":278,"y":39,"icon":{"id":"solarflux:solar_panel_6"},"prerequisites":["8b5e5f0c-f38e-4a23-94ee-7837715c78c8"],"tasks":[{"type":"DETECT","items":[{"item":{"id":"solarflux:solar_panel_6"}}]}],"commandrewards":[]},{"uuid":"d2de3806-299a-4baa-90d1-ea1d31d0cf0c","name":"Powered by the Sun","description":"Craft a Tier 1 Solar Panel from Solar Flux Reborn! It can generate an incredible 1 RF/tick in the daytime.","x":178,"y":15,"icon":{"id":"solarflux:solar_panel_1"},"prerequisites":["a7b54992-ff0b-4d70-b6f6-6026aa2ff1b0"],"tasks":[{"type":"DETECT","items":[{"item":{"id":"solarflux:solar_panel_1"}}]}],"reward":[{"id":"thermalfoundation:material","damage":1028,"amount":10}],"commandrewards":[]},{"uuid":"8f25bb3c-c681-4b17-ad14-238a62c0c6ac","name":"Even sediment can be useful","description":"Craft an Animal Sewer and a Sewage Composter! Place an Animal on top of the Sewer and route the resulting Sewage into your Composter to create some Fertilizer.","x":50,"y":107,"icon":{"id":"industrialforegoing:animal_byproduct_recolector"},"prerequisites":["d9d9e07f-6907-4798-9265-49f4851ef01f"],"tasks":[{"type":"DETECT","items":[{"item":{"id":"industrialforegoing:animal_byproduct_recolector"}},{"item":{"id":"industrialforegoing:sewage_composter_solidifier"}}]}],"reward":[{"id":"thermalfoundation:material","damage":25,"amount":12}],"commandrewards":[]},{"uuid":"e4a9f0e0-ceb3-4bcf-a5f0-cde099f675ad","name":"Faster than the London Tube","description":"Upgrade your Pressized Tubes all the way to the Ultimate variant! They can transfer slightly over 4 Buckets of Gas per tick, or over 80 Buckets per second!","x":106,"y":15,"icon":{"id":"mekanism:transmitter","damage":2,"nbt":"{tier:3}"},"prerequisites":["f4cb9c5e-8294-440b-972e-eef944f634c2"],"tasks":[{"type":"DETECT","items":[{"item":{"id":"mekanism:transmitter","damage":2,"nbt":"{tier:3}"},"required":3}]}],"reward":[{"id":"enderio:item_alloy_ingot","damage":6,"amount":6}],"commandrewards":[]}],"reputationBar":[]}