{"name":"The Root of the Problem","description":" ","quests":[{"uuid":"21f2e1eb-8b69-4716-a39d-f80284582a25","name":"Spore Sports","description":"Punch some tall grass to obtain some Terra Spores. Then place down those Terra Spores on Cobblestone that is right next to a Water source block.\n\nThen craft an Iron Knife to scrape off the Terra Spores and collect the resulting Terra Moss!\n\nBe aware, that later you\u0027ll need to completely automate this process (once you have access to an Extra Utilities Mechanical User).\n\nIf you can\u0027t find regular Cobblestone, you can craft 4 pieces of it from any Underground Biomes Cobblestone type by putting them in a square shape into the Crafting Window.\n\nNote: The quest asks for an Iron Knife, however, you can also use any type of Knife to scrape off the moss.","x":21,"y":45,"icon":{"id":"roots:terra_moss"},"prerequisites":["4eb44f29-3e08-4d4a-bc9b-ca0cab5cc3eb"],"tasks":[{"type":"DETECT","items":[{"item":{"id":"roots:terra_spores"}},{"item":{"id":"roots:iron_knife"}},{"item":{"id":"roots:terra_moss"}}]}],"reward":[{"id":"roots:terra_spores","amount":12}],"commandrewards":[]},{"uuid":"48dae6a8-5fe1-4b50-b8da-8a4c9e234770","name":"Smells like burnt plastic","description":"Craft some Stalicripe, then plant it onto Terran Soil to get more! This is the only Soil it can be planted on.","x":48,"y":142,"icon":{"id":"roots:stalicripe"},"prerequisites":["e072c9ab-8520-4f31-b83f-fb8801f62f30","32424c8f-457f-4ea3-a8d0-15b752a89168","2d25014f-5266-4071-8ae4-42d7a03bd64d"],"tasks":[{"type":"DETECT","items":[{"item":{"id":"roots:stalicripe"},"required":3}]}],"rewardchoice":[{"id":"tconstruct:materials","damage":16,"amount":2},{"id":"tconstruct:materials","damage":17,"amount":4}],"commandrewards":[]},{"uuid":"516c1fcb-e8c2-4b8d-ae59-38fc4ad36c99","name":"Totally natural gating","description":"Punch some tall grass to have a chance to obtain some Wildroot! They\u0027re used pretty heavily in Roots, but fortunately they can be planted and grown as a crop. Altervatively, you can setup an automatic Grass shaker of sorts to obtain more of them.\n\nThen craft a Root of the Fallen using your Baykok\u0027s Bow to get into Roots!","x":35,"y":21,"icon":{"id":"contenttweaker:root_of_the_fallen"},"prerequisites":["4eb44f29-3e08-4d4a-bc9b-ca0cab5cc3eb"],"tasks":[{"type":"DETECT","items":[{"item":{"id":"contenttweaker:root_of_the_fallen"}}]}],"reward":[{"id":"patchouli:guide_book","nbt":"{\"patchouli:book\":\"roots:roots_guide\"}"}],"commandrewards":[]},{"uuid":"45594409-556c-4eab-a14a-de5d7d49144e","name":"[UTILITY] Harvest","description":"Craft a Harvest Spell Dust! When infused onto a Staff, you can Right Click to harvest a huge field of crops! It works best when the Magnetism effect is also infused onto the same Staff, so you can harvest then immediately collect all the drops!\n\nIn fact, it works even better if the Rampant Growth effect is also infused onto the same Staff, so you can immediately regrow everything you\u0027ve just harvested!","x":265,"y":170,"icon":{"id":"roots:spell_dust","nbt":"{spell_holder:{spell_0:\"spell_harvest\",selectedSlot:0,lastCooldown:0,cooldown:0}}"},"prerequisites":["95c70f47-369d-46d3-9f42-9ef685161907"],"tasks":[{"type":"DETECT","items":[{"item":{"id":"roots:spell_dust","nbt":"{spell_holder:{spell_0:\"spell_harvest\",selectedSlot:0,lastCooldown:0,cooldown:0}}"}}]}],"reward":[{"id":"tconstruct:materials","damage":14}],"commandrewards":[]},{"uuid":"8bb9de39-aa21-45d7-aa51-3fe490b99930","name":"Surely you won\u0027t trample it","description":"Not with this Stone nearby! Place it near your cropfield, and not only will it provide Water to nearby crops, it will also prevent anyone from trampling them!","x":79,"y":46,"icon":{"id":"roots:runestone_trample"},"prerequisites":["514d3d48-7a9b-457c-bced-f876c243ccc3"],"tasks":[{"type":"DETECT","items":[{"item":{"id":"roots:runestone_trample"}}]}],"reward":[{"id":"minecraft:diamond_boots"},{"id":"minecraft:potion","nbt":"{Potion:\"minecraft:strong_leaping\"}"}],"commandrewards":[]},{"uuid":"c3fa1d4b-f70e-4854-a5a9-6d0b085ad7df","name":"Blizzard\u0027s new card game","description":"Runestones! Craft some of them. They\u0027re used as crafting components, as well as Standing Stones for Pyre Rituals!\n\nThat\u0027s right: You can do Rituals using your Pyre. Everything is detailed in your Druiduc Arts book (if you\u0027ve unlocked it). For most Rituals, a pillar Runestones with a Chiseled Runestone on top will be necessary. It doesn\u0027t have to be placed exactly where the book shows, just somewhere nearby.","x":106,"y":96,"icon":{"id":"roots:runestone"},"prerequisites":["677c9b63-ae2c-486f-af4a-5148ea9b7b55"],"tasks":[{"type":"DETECT","items":[{"item":{"id":"roots:runestone"},"required":3}]}],"reward":[{"id":"storagedrawers:trim","amount":4},{"id":"storagedrawers:controllerslave","amount":2}],"commandrewards":[]},{"uuid":"a17a481a-79cd-415d-85ec-20808f48585b","name":"[UTILITY] Fey Light","description":"Craft a Fey Light Spell Dust! When infused onto a Staff, you can create small light sources that can just as easily be destroyed too, if you don\u0027t want them around anymore.","x":285,"y":75,"icon":{"id":"roots:spell_dust","nbt":"{spell_holder:{spell_0:\"spell_fey_light\",selectedSlot:0,lastCooldown:0,cooldown:0}}"},"prerequisites":["95c70f47-369d-46d3-9f42-9ef685161907"],"tasks":[{"type":"DETECT","items":[{"item":{"id":"roots:spell_dust","nbt":"{spell_holder:{spell_0:\"spell_fey_light\",selectedSlot:0,lastCooldown:0,cooldown:0}}"}}]}],"rewardchoice":[{"id":"divinerpg:netherite_ingot","amount":20},{"id":"divinerpg:bloodgem","amount":12}],"commandrewards":[]},{"uuid":"8ea846bc-c81a-493a-bf60-8ed0dc6cd038","name":"You can be Gandalf now","description":"Craft a Staff from Roots! You can imbue it with up to 5 Magical Spells in an Imbuer.","x":236,"y":46,"icon":{"id":"roots:staff"},"prerequisites":["95c70f47-369d-46d3-9f42-9ef685161907"],"tasks":[{"type":"DETECT","items":[{"item":{"id":"roots:staff"}}]}],"rewardchoice":[{"id":"minecraft:redstone","amount":32},{"id":"minecraft:diamond","amount":4}],"commandrewards":[]},{"uuid":"677c9b63-ae2c-486f-af4a-5148ea9b7b55","name":"Yet another crafting altar","description":"Make a Fey Crafter! This is another central crafting mechanic in Roots. To use it however, you\u0027ll need at least one Imbued Grove Stone in the vacinity. To imbue a Grove Stone, Right Click on it with a Staff that has the Grove Supplication Spell.\n\nTo use this crafting altar, open its UI and place 5 ingredients inside. Then Right Click on it with any kind of Roots Knife, to complete the craft.\n\nNote: It\u0027s currently not possible to automate the Fey Crafter. Because of this, it won\u0027t be heavily used for later crafting.","x":124,"y":70,"icon":{"id":"roots:fey_crafter"},"prerequisites":["95c70f47-369d-46d3-9f42-9ef685161907","368cff84-00eb-4563-b340-65804fe5b2fd","6f329563-d70c-4506-b435-702f2b8cb5f3"],"tasks":[{"type":"DETECT","items":[{"item":{"id":"roots:fey_crafter"}}]}],"reward":[{"id":"storagedrawers:compdrawers","amount":2}],"rewardchoice":[{"id":"storagedrawers:shroud_key"},{"id":"storagedrawers:personal_key"},{"id":"storagedrawers:quantify_key"}],"commandrewards":[]},{"uuid":"33e7a85d-3cc3-41f5-86f7-7fc673666e08","name":"Cool Roots tools, fools!","description":"Craft all Roots Tools! They all auto-repair, but can also be repaired with any kind of tree Bark!","x":89,"y":167,"icon":{"id":"roots:living_pickaxe"},"prerequisites":["fdc172c6-5738-45d5-9ef4-53d52587fce5"],"tasks":[{"type":"DETECT","items":[{"item":{"id":"roots:living_pickaxe"}},{"item":{"id":"roots:living_shovel"}},{"item":{"id":"roots:living_axe"}},{"item":{"id":"roots:living_hoe"}}]}],"reward":[{"id":"minecraft:enchanted_book","nbt":"{StoredEnchantments:[{lvl:3s,id:34s}]}"},{"id":"actuallyadditions:item_solidified_experience","amount":24}],"rewardchoice":[{"id":"minecraft:enchanted_book","nbt":"{StoredEnchantments:[{lvl:5s,id:32s}]}"},{"id":"minecraft:enchanted_book","nbt":"{StoredEnchantments:[{lvl:3s,id:35s}]}"}],"commandrewards":[]},{"uuid":"3ccb5f05-3915-4f64-a5e3-92eee74b936c","name":"A thirsty flower","description":"Use your Pyre to craft 3 Dewgonias! This is the first of many flowers and spell components in Roots.\n\nOnce you craft it a single time, you can grow this flower on Aqueous Soil, which you\u0027ll have access to soon in this chapter.","x":64,"y":70,"icon":{"id":"roots:dewgonia"},"prerequisites":["b150c5a6-91fb-4d37-8e1c-c2d772edcde4"],"tasks":[{"type":"DETECT","items":[{"item":{"id":"roots:dewgonia"},"required":3}]}],"rewardchoice":[{"id":"minecraft:leather","amount":4},{"id":"minecraft:fish","damage":3,"amount":2}],"commandrewards":[]},{"uuid":"368cff84-00eb-4563-b340-65804fe5b2fd","name":"Describe the shape of this","description":"Craft a Grove Stone! Place it down, then Right Click on it with your Grove Supplication imbued Staff! The Grove Stone will now constantly grow tall grass around it (perfect for a Grass Shaker, but much slower than constantly Bone Mealing the ground). The Grove Stone will also allow nearby Fey Crafters to function.\n\nNote: Don\u0027t imbue too many Grove Stones in your world, as they can cause noticable tick lag, since they constantly try to grow tall grass around them. But 2-3 should have close to no effect on performance.","x":140,"y":96,"icon":{"id":"roots:grove_stone"},"prerequisites":["95c70f47-369d-46d3-9f42-9ef685161907"],"tasks":[{"type":"DETECT","items":[{"item":{"id":"roots:grove_stone"}}]}],"rewardchoice":[{"id":"minecraft:bone","amount":12},{"id":"minecraft:string","amount":12}],"commandrewards":[]},{"uuid":"4537d98b-ba64-4aae-9883-a5d967b73a01","name":"Heavenly flower","description":"Craft one Cloud Berry! Then plant it onto Caelic Soil to grow more. It can only grow on that specific Soil type.","x":34,"y":70,"icon":{"id":"roots:cloud_berry"},"prerequisites":["3ccb5f05-3915-4f64-a5e3-92eee74b936c"],"tasks":[{"type":"DETECT","items":[{"item":{"id":"roots:cloud_berry"},"required":3}]}],"reward":[{"id":"roots:petals","amount":12}],"commandrewards":[]},{"uuid":"474c82d5-fe78-49a3-901f-57a9fef1c565","name":"Magenta beauty","description":"Craft a Pereskia flower! Then convert it into a Pereskia Bulb, which you can plant on any type of Soil. Grow some additional Pereskias to complete this quest!","x":77,"y":95,"icon":{"id":"roots:pereskia"},"prerequisites":["3ccb5f05-3915-4f64-a5e3-92eee74b936c","677c9b63-ae2c-486f-af4a-5148ea9b7b55"],"tasks":[{"type":"DETECT","items":[{"item":{"id":"roots:pereskia"},"required":3}]}],"reward":[{"id":"openblocks:elevator","amount":2}],"commandrewards":[]},{"uuid":"fa0b08e4-f21b-4842-9cf5-08340dac133b","name":"The Shear power of this","description":"Craft a pair of Runic Shears! Using this tool, you can obtain the following 3 items:\n\n- Wildewheat by shearing fully grown Wheat,\n- Spirit Herb by shearing a fully grown Beetroot plant\n- Fey Leather by shearing cows, llamas, deers, horses and donkeys.","x":90,"y":118,"icon":{"id":"roots:runic_shears"},"prerequisites":["474c82d5-fe78-49a3-901f-57a9fef1c565","c3fa1d4b-f70e-4854-a5a9-6d0b085ad7df"],"tasks":[{"type":"DETECT","items":[{"item":{"id":"roots:runic_shears"}}]}],"reward":[{"id":"openblocks:canvas","amount":64}],"rewardchoice":[{"id":"openblocks:paintbrush","nbt":"{color:11743532}"},{"id":"openblocks:paintbrush","nbt":"{color:2437522}"},{"id":"openblocks:paintbrush","nbt":"{color:14602026}"},{"id":"openblocks:paintbrush","nbt":"{color:4312372}"}],"commandrewards":[]},{"uuid":"e10d04a5-2a0a-4d01-9c0e-f5570681cd99","name":"[UTILITY] Shatter","description":"Craft a Shatter Spell Dust! When infused onto a Staff, you can shoot a beam of light that destroys the 2 closests blocks hit! It\u0027s perfect for creating small staircases, or for stripmining.","x":251,"y":192,"icon":{"id":"roots:spell_dust","nbt":"{spell_holder:{spell_0:\"spell_shatter\",selectedSlot:0,lastCooldown:0,cooldown:0}}"},"prerequisites":["95c70f47-369d-46d3-9f42-9ef685161907"],"tasks":[{"type":"DETECT","items":[{"item":{"id":"roots:spell_dust","nbt":"{spell_holder:{spell_0:\"spell_shatter\",selectedSlot:0,lastCooldown:0,cooldown:0}}"}}]}],"rewardchoice":[{"id":"divinerpg:serenade_striker"},{"id":"divinerpg:serenade_of_death"}],"commandrewards":[]},{"uuid":"381599fc-6797-4a91-9d94-299a97c11703","name":"[OFFENSIVE] Radiance","description":"Craft a Radiance Spell Dust! When infused onto a Staff, you can constantly shoot a strong beam of light at your target, which can obliterate your foes! PEW-PEW!","x":196,"y":192,"icon":{"id":"roots:spell_dust","nbt":"{spell_holder:{spell_0:\"spell_radiance\",selectedSlot:0,lastCooldown:0,cooldown:0}}"},"prerequisites":["95c70f47-369d-46d3-9f42-9ef685161907"],"tasks":[{"type":"DETECT","items":[{"item":{"id":"roots:spell_dust","nbt":"{spell_holder:{spell_0:\"spell_radiance\",selectedSlot:0,lastCooldown:0,cooldown:0}}"}}]}],"reward":[{"id":"tconstruct:tough_tool_rod","amount":2,"nbt":"{Material:\"alumite\"}"}],"rewardchoice":[{"id":"tconstruct:large_sword_blade","nbt":"{Material:\"alumite\"}"},{"id":"tconstruct:large_plate","nbt":"{Material:\"alumite\"}"}],"commandrewards":[]},{"uuid":"4bb34035-ad73-4f2e-94b4-f0578fbe53ee","name":"Pouch Poacher","description":"Upgrade your Component Pouch into an Apothecary Pouch! This can hold 9 spell components instead of just 6. At first it might not seem like a huge upgrade, but you actually need just a little bit of extra space to fit all spell components into one bag.","x":282,"y":21,"icon":{"id":"roots:apothecary_pouch"},"prerequisites":["721cd1f1-85d7-4530-ade2-cf3f4b1909a2"],"tasks":[{"type":"DETECT","items":[{"item":{"id":"roots:apothecary_pouch"}}]}],"rewardchoice":[{"id":"minecraft:diamond","amount":8},{"id":"mysticalworld:amethyst_gem","amount":8}],"commandrewards":[]},{"uuid":"fdc172c6-5738-45d5-9ef4-53d52587fce5","name":"Shear it, Spear it, Spirit!","description":"Shear a fully grown Beetroot plant using your Runic Shears to obtain some Spirit Herb! Then craft it into Seeds to obtain more! You can plant this on any type of Soil.","x":77,"y":142,"icon":{"id":"roots:spirit_herb"},"prerequisites":["fa0b08e4-f21b-4842-9cf5-08340dac133b"],"tasks":[{"type":"DETECT","items":[{"item":{"id":"roots:spirit_herb"},"required":3},{"item":{"id":"roots:spirit_herb_seed"},"required":3}]}],"reward":[{"id":"tconstruct:materials","damage":19}],"commandrewards":[]},{"uuid":"95c70f47-369d-46d3-9f42-9ef685161907","name":"Crushing it","description":"Use Charred Stone to Craft a Mortar and a Pestle from Roots! Place down the Mortar, and to use it, place some ingredients inside. To crush the ingredients, simply Right Click with the Pestle.\n\nThis is another way to ore-double besides your Smeltery, and you can also turn 1 piece of Wheat into Flour, and later 1 piece of Bread by Smelting. If you want, you can also use it to create String out of Wool, Bone Meal out of Bones, or Sugar out of Sugarcane.","x":224,"y":96,"icon":{"id":"roots:mortar"},"prerequisites":["949e73a4-f1d8-4e0b-90ac-299e762f2c47"],"tasks":[{"type":"DETECT","items":[{"item":{"id":"roots:mortar"}},{"item":{"id":"roots:pestle"}}]}],"reward":[{"id":"minecraft:wheat","amount":4},{"id":"minecraft:wool","amount":4},{"id":"minecraft:bone","amount":4}],"commandrewards":[]},{"uuid":"721cd1f1-85d7-4530-ade2-cf3f4b1909a2","name":"Pouchee-pouchee!","description":"Craft a Component Pouch! You can store any items on the left side, or specific Roots spell components on the right. This will save a couple inventory slots, since Staves can use magical components from this pouch instead of your inventory.","x":252,"y":22,"icon":{"id":"roots:component_pouch"},"prerequisites":["8ea846bc-c81a-493a-bf60-8ed0dc6cd038"],"tasks":[{"type":"DETECT","items":[{"item":{"id":"roots:component_pouch"}}]}],"reward":[{"id":"mysticalworld:amethyst_gem","amount":6}],"commandrewards":[]},{"uuid":"c551fe97-efcc-4d6c-9828-9674bf79d26e","name":"Storm, EARTH, and Fire","description":"Craft a batch of Elemental Soil! Crops can grow on it just like on Tilled Dirt, and they grow slightly faster than normal. Crops planted on it cannot be trampled, and water doesn\u0027t need to be placed in the vacinity for them to grow.","x":109,"y":46,"icon":{"id":"roots:elemental_soil"},"prerequisites":["677c9b63-ae2c-486f-af4a-5148ea9b7b55"],"tasks":[{"type":"DETECT","items":[{"item":{"id":"roots:elemental_soil"},"required":4}]}],"rewardchoice":[{"id":"storagedrawers:upgrade_conversion","amount":4},{"id":"storagedrawers:upgrade_void","amount":4}],"commandrewards":[]},{"uuid":"542bde90-072d-4603-806d-a0eed2a4ac9f","name":"[UTILITY] Magnetism","description":"Craft a Magnetism Spell Dust! When infused onto a Staff, you can Right Click to magnetize and pull all nearby items into your inventory. It works like an on-demand Magnet from various tech mods.","x":291,"y":122,"icon":{"id":"roots:spell_dust","nbt":"{spell_holder:{spell_0:\"spell_magnetism\",selectedSlot:0,lastCooldown:0,cooldown:0}}"},"prerequisites":["95c70f47-369d-46d3-9f42-9ef685161907"],"tasks":[{"type":"DETECT","items":[{"item":{"id":"roots:spell_dust","nbt":"{spell_holder:{spell_0:\"spell_magnetism\",selectedSlot:0,lastCooldown:0,cooldown:0}}"}}]}],"reward":[{"id":"tinkersaddons:modifier_item","damage":1}],"commandrewards":[]},{"uuid":"7be985e4-e430-4cd1-82e7-1e6e2ee0dbeb","name":"Better than Dirt","description":"Much better than Dirt in fact...! Craft some additional Elemental Soil and upgrade some batches of them to all 4 different types of Elemental Soil:\n\n- Drop it in Water to to upgrade it to Aqueous Soil,\n-Drop it in Lava to upgrade it to Magmatic Soil,\n-Drop it above Y\u003d90 to upgrade it to Caelic Soil,\n- Drop it below Y\u003d30 to upgrade it to Terran Soil.\n\nEach type of Soil has its benefits (read their tooltip), and there are certain Roots plants that can only be planted on one of these Soil types.\n\nNote: The effect of the Aqueos Soil can be disabled by placing a piece of Gravel underneith the Soil.","x":138,"y":47,"icon":{"id":"roots:elemental_soil_air"},"prerequisites":["c551fe97-efcc-4d6c-9828-9674bf79d26e"],"tasks":[{"type":"DETECT","items":[{"item":{"id":"roots:elemental_soil_water"},"required":4},{"item":{"id":"roots:elemental_soil_fire"},"required":4},{"item":{"id":"roots:elemental_soil_earth"},"required":4},{"item":{"id":"roots:elemental_soil_air"},"required":4}]}],"rewardchoice":[{"id":"storagedrawers:upgrade_redstone","amount":4},{"id":"storagedrawers:upgrade_one_stack","amount":4}],"commandrewards":[]},{"uuid":"c5a1c5be-9f96-4c74-aa2c-676de56faf3d","name":"[OFFENSIVE] Wildfire","description":"Craft a Wildfire Spell Dust! When infused onto a Staff, you can shoot fire at enemies! This is slightly stronger than Life Drain, but doesn\u0027t heal you when used. It\u0027s also slightly weaker than Radiance, but sets enemies on fire!","x":182,"y":169,"icon":{"id":"roots:spell_dust","nbt":"{spell_holder:{spell_0:\"spell_wild_fire\",selectedSlot:0,lastCooldown:0,cooldown:0}}"},"prerequisites":["95c70f47-369d-46d3-9f42-9ef685161907"],"tasks":[{"type":"DETECT","items":[{"item":{"id":"roots:spell_dust","nbt":"{spell_holder:{spell_0:\"spell_wild_fire\",selectedSlot:0,lastCooldown:0,cooldown:0}}"}}]}],"reward":[{"id":"minecraft:potion","amount":3,"nbt":"{Potion:\"minecraft:long_fire_resistance\"}"}],"commandrewards":[]},{"uuid":"06a88457-bb2a-49f1-b86d-bb76c8101b1e","name":"[UTILITY] Sky Soarer","description":"Craft a Sky Soarer Spell Dust! When infused onto a Staff, you can dash ahead or into the air with a Right Click. It also catches your fall - meaning you\u0027ll take no fall damage if you quickly use it when you land. It\u0027s a perfect way to travel before Jetpacks!","x":300,"y":97,"icon":{"id":"roots:spell_dust","nbt":"{spell_holder:{spell_0:\"spell_sky_soarer\",selectedSlot:0,lastCooldown:0,cooldown:0}}"},"prerequisites":["95c70f47-369d-46d3-9f42-9ef685161907"],"tasks":[{"type":"DETECT","items":[{"item":{"id":"roots:spell_dust","nbt":"{spell_holder:{spell_0:\"spell_sky_soarer\",selectedSlot:0,lastCooldown:0,cooldown:0}}"}}]}],"rewardchoice":[{"id":"minecraft:potion","amount":3,"nbt":"{Potion:\"minecraft:long_swiftness\"}"},{"id":"minecraft:potion","amount":3,"nbt":"{Potion:\"minecraft:strong_leaping\"}"}],"commandrewards":[]},{"uuid":"f50cb045-1378-464c-bcdf-fe4ff59b7884","name":"Sylvanas would be proud","description":"Craft a full set of Sylvan armor! While wearing this, your Roots spells have an 8% chance to consume no spell ingredients from your inventory or Component Pouch.\n\nAdditionally, the armor can be repaired using Fey Leather, but it also repairs itself very slowly.","x":131,"y":142,"icon":{"id":"roots:sylvan_chestplate"},"prerequisites":["2045cdf9-5d5a-4e88-8435-2983a4fbbb58"],"tasks":[{"type":"DETECT","items":[{"item":{"id":"roots:sylvan_helmet"}},{"item":{"id":"roots:sylvan_chestplate"}},{"item":{"id":"roots:sylvan_leggings"}},{"item":{"id":"roots:sylvan_boots"}}]}],"reward":[{"id":"minecraft:enchanted_book","nbt":"{StoredEnchantments:[{lvl:4s,id:0s}]}"},{"id":"actuallyadditions:item_solidified_experience","amount":24}],"rewardchoice":[{"id":"minecraft:enchanted_book","nbt":"{StoredEnchantments:[{lvl:4s,id:4s}]}"},{"id":"minecraft:enchanted_book","nbt":"{StoredEnchantments:[{lvl:4s,id:3s}]}"}],"commandrewards":[]},{"uuid":"949e73a4-f1d8-4e0b-90ac-299e762f2c47","name":"Charizard\u0027s favorite Stone","description":"Use the Pyre to create some Charred Stone!\n\nNote: You\u0027ll need to progress a bit in \"Immerse Yourself!\" before you can light your Pyre.","x":195,"y":22,"icon":{"id":"contenttweaker:charred_stone"},"prerequisites":["b150c5a6-91fb-4d37-8e1c-c2d772edcde4"],"tasks":[{"type":"DETECT","items":[{"item":{"id":"contenttweaker:charred_stone"},"required":3}]}],"reward":[{"id":"mysticalworld:stuffed_aubergine","amount":8}],"commandrewards":[]},{"uuid":"2f1e6296-e39d-4b6a-bdcb-59d8999fbec5","name":"This is what dogs do","description":"Bark! Bark!\n\nUse your Knife to obtain some Bark by breaking any type of vanilla Log block!","x":49,"y":46,"icon":{"id":"roots:bark_oak"},"prerequisites":["21f2e1eb-8b69-4716-a39d-f80284582a25"],"tasks":[{"type":"DETECT","items":[{"item":{"id":"roots:bark_oak"},"required":20}]}],"reward":[{"id":"roots:diamond_knife"}],"commandrewards":[]},{"uuid":"fdca317a-f78e-412c-964c-ca3136661a7f","name":"Imbuebitably","description":"Craft an Imbuer! You can use it to imbue magical effects onto Roots Staves through Spell Dusts! The first effect you should imbue is the Growth Supplication effect. To do so, simply place down the Imbuer, put the Growth Supplication Spell Dust inside, then place your Staff on top. Wait a couple seconds and it\u0027ll be magically imbued!\n\nStaves have 5 slots that spells can be imbued to. To use some of these however, you\u0027ll need specific components. Hovering over the imbued Staff will show you which materials you need. Specifically, for the Grove Supplication, you\u0027ll need a tiny bit of Terra Moss and Wildroot. You can store them in your inventory, or preferrably in a Component Pouch.","x":223,"y":22,"icon":{"id":"roots:imbuer"},"prerequisites":["949e73a4-f1d8-4e0b-90ac-299e762f2c47"],"tasks":[{"type":"DETECT","items":[{"item":{"id":"roots:imbuer"}}]}],"reward":[{"id":"plustic:alumiteingot","amount":12}],"commandrewards":[]},{"uuid":"32424c8f-457f-4ea3-a8d0-15b752a89168","name":"Wood you look at that!","description":"Perform the Wildroot Growth Ritual on your Pyre (the Ritual is available from JEI), while one fully grown Wildroot plant is nearby. If done correctly, the Wildroot will convert into a Wildwood Tree! Harvest it to complete this quest.\n\nNote: This tree won\u0027t drop Saplings, you\u0027ll have to repeat the Ritual to get more.\n\nNote: Only exactly one, namely the closest Wildroot plant will transform.","x":62,"y":118,"icon":{"id":"roots:wildwood_log"},"prerequisites":["fdc172c6-5738-45d5-9ef4-53d52587fce5"],"tasks":[{"type":"DETECT","items":[{"item":{"id":"roots:wildwood_log"},"required":10}]}],"reward":[{"id":"openblocks:guide"}],"commandrewards":[]},{"uuid":"e84b725a-af77-44fe-ab6e-121c7779ab25","name":"Ready for combat","description":"Craft all meelee and ranged Roots weapons! They all auto-repair slowly, but can also be repaired with any kind of tree Bark. The Quiver can not only hold Arrows, but if you\u0027re out of Arrows, it can conjure some for you for the cost of durability damage on it.","x":61,"y":166,"icon":{"id":"roots:living_sword"},"prerequisites":["fdc172c6-5738-45d5-9ef4-53d52587fce5"],"tasks":[{"type":"DETECT","items":[{"item":{"id":"roots:living_sword"}},{"item":{"id":"roots:wildwood_bow"}},{"item":{"id":"roots:living_arrow"},"required":6},{"item":{"id":"roots:wildwood_quiver"}}]}],"reward":[{"id":"minecraft:enchanted_book","nbt":"{StoredEnchantments:[{lvl:3s,id:34s}]}"},{"id":"actuallyadditions:item_solidified_experience","amount":24}],"rewardchoice":[{"id":"minecraft:enchanted_book","nbt":"{StoredEnchantments:[{lvl:5s,id:16s}]}"},{"id":"minecraft:enchanted_book","nbt":"{StoredEnchantments:[{lvl:5s,id:48s}]}"}],"commandrewards":[]},{"uuid":"5eb3d8ae-e5d3-4907-b077-184d7b0661c2","name":"That\u0027s some WILD armor set","description":"Craft a full set of Wildwood armor! It\u0027s slightly tougher than the Sylvan set, and has a chance to heal you over time. However, it has lost its armor regenerating capabilities, but can still be repaired - this time with Wildwood Barks!","x":118,"y":167,"icon":{"id":"roots:wildwood_chestplate"},"prerequisites":["f50cb045-1378-464c-bcdf-fe4ff59b7884"],"tasks":[{"type":"DETECT","items":[{"item":{"id":"roots:wildwood_helmet"}},{"item":{"id":"roots:wildwood_chestplate"}},{"item":{"id":"roots:wildwood_leggings"}},{"item":{"id":"roots:wildwood_boots"}}]}],"reward":[{"id":"minecraft:enchanted_book","nbt":"{StoredEnchantments:[{lvl:4s,id:0s}]}"},{"id":"actuallyadditions:item_solidified_experience","amount":24}],"rewardchoice":[{"id":"minecraft:enchanted_book","nbt":"{StoredEnchantments:[{lvl:4s,id:1s}]}"},{"id":"minecraft:enchanted_book","nbt":"{StoredEnchantments:[{lvl:3s,id:7s}]}"}],"commandrewards":[]},{"uuid":"1b3272e7-6ee3-4ad8-82e5-65e1a5312aac","name":"[OFF/DEF] Acid Cloud","description":"Craft an Acid Cloud Spell Dust! When infused onto a Staff, you can hold down Right Click to summon a field of poisonous clouds that constantly damages and knocks back enemies!","x":224,"y":195,"icon":{"id":"roots:spell_dust","nbt":"{spell_holder:{spell_0:\"spell_acid_cloud\",selectedSlot:0,lastCooldown:0,cooldown:0}}"},"prerequisites":["95c70f47-369d-46d3-9f42-9ef685161907"],"tasks":[{"type":"DETECT","items":[{"item":{"id":"roots:spell_dust","nbt":"{spell_holder:{spell_0:\"spell_acid_cloud\",selectedSlot:0,lastCooldown:0,cooldown:0}}"}}]}],"rewardchoice":[{"id":"divinerpg:serenade_of_health"},{"id":"divinerpg:serenade_of_infusion"}],"commandrewards":[]},{"uuid":"b150c5a6-91fb-4d37-8e1c-c2d772edcde4","name":"Mount Pyre","description":"Craft a Pyre! This is a central crafting mechanic in Roots. To use it, simply toss the ingedients of Right Click with them on top. To remove the last ingredient, Right Click with an empty hand.\n\nTo start any craft, you\u0027ll need to light the Pyre with a Flint and Steel. Because of this reason, to be able to do any crafting, you\u0027ll need to also start the next chapter: \"Immersive Yourself\", and start creating Steel!\n\nYou can also automate the Pyre by lighting the ground with a Dispenser in the immediate 3x3 area centered around the Pyre.\n\nTo stop a given Ritual, you can take a Bucket of Water, and Right Click with it on the Pyre.\n\nSimilarly to a Botania Altar, you can Shift+Right Click the Pyre to put another set of the previously used crafting ingredients from your inventory onto the Pyre.\n\nThe Pyre can also access a chest immediately below it and pull ingredients from it to keep Rituals going. Check out the Rituals provided by Roots, you\u0027ll find a lot of useful ones, like the Healing Aura, Windwall, Animal Harvest, or Summon Creatures! Once you have progressed enough in Roots, you\u0027ll unlock the Rituals Chapter in your Druidic Arts book! Make sure to read up on them!","x":65,"y":21,"icon":{"id":"roots:bonfire"},"prerequisites":["516c1fcb-e8c2-4b8d-ae59-38fc4ad36c99","2f1e6296-e39d-4b6a-bdcb-59d8999fbec5"],"tasks":[{"type":"DETECT","items":[{"item":{"id":"roots:bonfire"}}]}],"reward":[{"id":"minecraft:emerald","amount":3}],"commandrewards":[]},{"uuid":"2d25014f-5266-4071-8ae4-42d7a03bd64d","name":"HWHEAT","description":"Snip off some fully grown Wheat using your Runic Shears to obtain Wildewheat! Then covert it into Seeds and plant it to get more! You can plant this on any type of Soil.","x":105,"y":143,"icon":{"id":"roots:wildewheet"},"prerequisites":["fa0b08e4-f21b-4842-9cf5-08340dac133b"],"tasks":[{"type":"DETECT","items":[{"item":{"id":"roots:wildewheet"},"required":3},{"item":{"id":"roots:wildewheet_seed"},"required":3}]}],"reward":[{"id":"openblocks:xp_bottler"},{"id":"actuallyadditions:item_solidified_experience","amount":8}],"commandrewards":[]},{"uuid":"514d3d48-7a9b-457c-bced-f876c243ccc3","name":"Endervoir -1.0","description":"Craft an Undending Bowl in your Fey Crafter. You can use this item as an infinite water source. You can even pump water out! Try it using the quest rewards!","x":93,"y":69,"icon":{"id":"roots:unending_bowl"},"prerequisites":["3ccb5f05-3915-4f64-a5e3-92eee74b936c","677c9b63-ae2c-486f-af4a-5148ea9b7b55"],"tasks":[{"type":"DETECT","items":[{"item":{"id":"roots:unending_bowl"}}]}],"reward":[{"id":"thermaldynamics:duct_16"},{"id":"thermaldynamics:servo"},{"id":"enderio:block_tank","nbt":"{\"enderio:data\":{tank:{Empty:\"\",Capacity:16000}}}"}],"commandrewards":[]},{"uuid":"e072c9ab-8520-4f31-b83f-fb8801f62f30","name":"Ouchie! Flower no touchie!","description":"Craft an Infernal Bulb! Then plant it onto Magmatic Soil to get more! You can only use that type of Soil to plant it on.","x":34,"y":118,"icon":{"id":"roots:infernal_bulb"},"prerequisites":["0638467c-e529-43ff-b7bc-0185db648771"],"tasks":[{"type":"DETECT","items":[{"item":{"id":"roots:infernal_bulb"},"required":3}]}],"rewardchoice":[{"id":"extrautils2:spike_iron","amount":4},{"id":"mob_grinding_utils:spikes","amount":4}],"commandrewards":[]},{"uuid":"2045cdf9-5d5a-4e88-8435-2983a4fbbb58","name":"Watch where you cut!","description":"Obtain some Fey Leather using your Runic Shears on:\n\n- a Minecraft Cow, Llama, Horse, Donkey, Mule, or\n- a Mystical World Deer.","x":119,"y":118,"icon":{"id":"roots:fey_leather"},"prerequisites":["fa0b08e4-f21b-4842-9cf5-08340dac133b"],"tasks":[{"type":"DETECT","items":[{"item":{"id":"roots:fey_leather"},"required":3}]}],"reward":[{"id":"openblocks:drawing_table"},{"id":"openblocks:generic","damage":10,"amount":4}],"rewardchoice":[{"id":"openblocks:paintbrush","nbt":"{color:1973019}"},{"id":"openblocks:paintbrush","nbt":"{color:8073150}"},{"id":"openblocks:paintbrush","nbt":"{color:15435844}"},{"id":"openblocks:paintbrush","nbt":"{color:6719955}"}],"commandrewards":[]},{"uuid":"f160231b-861f-4909-8494-679695c6b012","name":"Can be found in Moonglade","description":"Craft a Moonglow Leaf! Then convert it into Moonglow Seeds by crafting, and plant it onto any type of Soil to get more!","x":21,"y":95,"icon":{"id":"roots:moonglow_leaf"},"prerequisites":["4537d98b-ba64-4aae-9883-a5d967b73a01"],"tasks":[{"type":"DETECT","items":[{"item":{"id":"roots:moonglow_leaf"},"required":3},{"item":{"id":"roots:moonglow_seed"}}]}],"rewardchoice":[{"id":"minecraft:potion","nbt":"{Potion:\"minecraft:long_fire_resistance\"}"},{"id":"minecraft:splash_potion","nbt":"{Potion:\"minecraft:strong_regeneration\"}"}],"commandrewards":[]},{"uuid":"f3aabab7-fa7c-4b5e-a6ff-0d323a285ca6","name":"[UTILITY] Rampant Growth","description":"Craft a Rampant Growth Spell Dust! When infused onto a Staff, you can quickly regrow all crops nearby! It works best with the Harvest spell, so you can immediately harvest and regrow all your cropfield!","x":278,"y":145,"icon":{"id":"roots:spell_dust","nbt":"{spell_holder:{spell_0:\"spell_rampant_growth\",selectedSlot:0,lastCooldown:0,cooldown:0}}"},"prerequisites":["95c70f47-369d-46d3-9f42-9ef685161907"],"tasks":[{"type":"DETECT","items":[{"item":{"id":"roots:spell_dust","nbt":"{spell_holder:{spell_0:\"spell_rampant_growth\",selectedSlot:0,lastCooldown:0,cooldown:0}}"}}]}],"reward":[{"id":"tconstruct:bow_limb","nbt":"{Material:\"signalum_plustic\"}"},{"id":"tconstruct:tough_tool_rod","nbt":"{Material:\"cobalt\"}"},{"id":"tconstruct:tough_binding","nbt":"{Material:\"slime\"}"},{"id":"tconstruct:bow_string","nbt":"{Material:\"string\"}"}],"commandrewards":[]},{"uuid":"26103aa5-b61e-4896-aa11-f393dd641166","name":"Mystery of the Scarab","description":"Craft a pair of... Artificial Scarab Wings? What could this be used for?","x":265,"y":46,"bigicon":true,"icon":{"id":"contenttweaker:artificial_scarab_wings"},"prerequisites":["95c70f47-369d-46d3-9f42-9ef685161907"],"tasks":[{"type":"DETECT","items":[{"item":{"id":"contenttweaker:artificial_scarab_wings"}}]}],"rewardchoice":[{"id":"minecraft:diamond","amount":20},{"id":"minecraft:gold_ingot","amount":48},{"id":"thermalfoundation:material","damage":160,"amount":48}],"commandrewards":[]},{"uuid":"6f329563-d70c-4506-b435-702f2b8cb5f3","name":"[START] Grove Supplication","description":"START WITH THIS SPELL DUST!\n---------------------------\nCraft a Grove Supplication Spell Dust with your Mortar and Pestle! This can be used to Infuse your Staff on an Imbuer.","x":157,"y":121,"icon":{"id":"roots:spell_dust","nbt":"{spell_holder:{spell_0:\"spell_supplication\",selectedSlot:0,lastCooldown:0,cooldown:0}}"},"prerequisites":["95c70f47-369d-46d3-9f42-9ef685161907"],"tasks":[{"type":"DETECT","items":[{"item":{"id":"roots:spell_dust","nbt":"{spell_holder:{spell_0:\"spell_supplication\",selectedSlot:0,lastCooldown:0,cooldown:0}}"}}]}],"rewardchoice":[{"id":"natura:overworld_sapling","damage":1,"amount":4},{"id":"natura:overworld_sapling","damage":2,"amount":4}],"commandrewards":[]},{"uuid":"0638467c-e529-43ff-b7bc-0185db648771","name":"Baffling!","description":"Craft one Baffle Cap Mushroom! Then grow it into a tall mushroom in a dark area, or spread it in a dark farm, like you would do with regular Minecraft Mushrooms!\n\nNote: In order to craft this, you need to have visited the Nether, as Lucid Spores and Orange Mushrooms can only be found there.","x":48,"y":94,"icon":{"id":"roots:baffle_cap_mushroom"},"prerequisites":["474c82d5-fe78-49a3-901f-57a9fef1c565"],"tasks":[{"type":"DETECT","items":[{"item":{"id":"roots:baffle_cap_mushroom"},"required":3}]}],"rewardchoice":[{"id":"mob_grinding_utils:fan","amount":4},{"id":"openblocks:fan","amount":4}],"commandrewards":[]},{"uuid":"0850bac4-a9cd-4591-b430-5bcaf560cead","name":"[OFFENSIVE] Life Drain","description":"Craft a Life Drain Spell Dust! When infused onto a Staff, you can shoot a beam which will damage the target and heal you! It\u0027s most effective when you can sweep across many enemies.","x":169,"y":145,"icon":{"id":"roots:spell_dust","nbt":"{spell_holder:{spell_0:\"spell_life_drain\",selectedSlot:0,lastCooldown:0,cooldown:0}}"},"prerequisites":["95c70f47-369d-46d3-9f42-9ef685161907"],"tasks":[{"type":"DETECT","items":[{"item":{"id":"roots:spell_dust","nbt":"{spell_holder:{spell_0:\"spell_life_drain\",selectedSlot:0,lastCooldown:0,cooldown:0}}"}}]}],"reward":[{"id":"minecraft:splash_potion","amount":3,"nbt":"{Potion:\"minecraft:strong_regeneration\"}"}],"commandrewards":[]}],"reputationBar":[]}